index,package size
1e1f4989-298f-49c5-8923-e93134f0997f,53111943
04e51280-3653-4254-baa2-5ef327519e29,53116251
75159a31-921b-4368-a694-2eb9db1640ff,53121759
dcf1d1f3-c4e0-4bdc-8676-91cade0e6294,53127411
f0c4d6a5-9f15-427c-bc8e-1d6915f951f9,53133199
330c2b73-c3d4-44d4-91a0-262f4463b456,53139191
e04894b1-e762-40f3-89bb-b812ee0fcf15,53145259
11093351-6ee4-42b1-a4d9-7d63d22f7a9f,53151459
cd2bb4cd-358e-418a-84f8-3c1d9b48ace2,53157791
91740eef-2062-4394-b599-2258cd5e77f6,53164259
861f508d-dbd8-4b94-9a42-b17e238794de,53170859
64ba2e58-f414-4087-ad61-c42f4db50fc7,5851
717edfd4-4570-429b-bfee-90094a1a2afe,5851
2bbbd430-2028-4d51-ae34-e885bbf57211,10155
3a0fe28d-ead2-4041-93f6-2a7d17dcc5b6,15667
3bbf7167-c921-4e51-a8c7-9c8c2a905b1b,21315
916fdb73-9796-4824-b639-c3977d7644aa,27107
9b21eb7f-bb01-4d15-921e-31bba22ec85b,33099
c2755a5e-a268-47f9-9c2c-2642e23baeb6,39163
573c7a0d-9ff1-4be8-841c-b483a45a4cc9,45363
c48db354-8463-4f57-b04a-d47871c6245c,51699
fe3de58d-7424-4eeb-95fb-38ab9134aceb,58163
0726306a-ac63-4541-aa19-3244ec205415,64763
f9dfcf67-9a5a-4784-953a-1762cc1657ba,5851
fc10154a-5034-400f-acd0-7cec1dc3efc9,10155
8709e77b-92fa-4f22-9e66-22db2eb3059a,15667
5887a023-cce6-4478-b774-bc84816444fa,21315
d0f73784-14ca-4a02-9919-46d27c7ede3c,27107
d2a97362-7843-473d-aba9-9695be8dc142,33099
0e1c1a40-54f5-4869-906d-1f515f13e389,39163
80e8c7b8-77a9-49d3-90c2-e2194af8b9ce,45363
c48e87d5-79f2-40ac-9aaa-c3807e59e5f6,51699
86e3a7f7-55a8-4b23-a4ee-5de50e7845d4,58163
09309e1d-604d-43ce-9377-6733673c2b18,64763
7d658f22-4ea8-410a-8bea-56959598ee5a,61743
4416e60b-b6cb-4aa5-a274-93652e93635c,66051
601b6e50-b734-4dee-af55-72c0ee2d6e81,71559
367729b8-464a-4dd8-9183-2b9943e3a2ef,77211
c28f8862-fd8a-4077-a557-b324e4e5ce2c,82999
e2ba8a11-254a-482c-a64d-4daf09fab651,88991
88d0ce7b-2769-4e97-8d4c-a36befff20b2,95057
c51ab009-2ab4-459c-bee3-3e4785a70ec5,101259
5b6ebd7f-1888-4b46-9f7e-153c04ae87b3,107591
c53b5406-ad05-40b9-87b6-058ca116535d,114059
de1d0be3-284e-480a-b9cb-2c8fa4560372,120659
f8136c70-8319-4130-bc30-d837d33ec67b,61743
e3257209-d627-43d2-ac8d-8bc98e34400b,66047
6dcf7257-c8d9-42d3-86c1-bdd08ca0148b,71559
ef1f67db-b9c5-4afa-b3c5-36d5b693473e,77211
d7c2a755-645d-4a44-8d3b-1571b23c8256,82999
cc155658-411a-4443-8eb7-23a860633602,88991
392f25a0-be9e-40a7-a9e0-e8b1a255aed6,95059
f49bc68c-f904-4f25-ae12-d3dff08d5d95,101259
b3826728-893c-47ff-8fc6-11af0c310063,107591
279bc863-251e-402a-80b0-86377ee257b4,114059
a33a459c-bc08-4fb7-8bfe-6fd0832a6243,120659
d0bd09de-59be-459d-80e3-139912ce7f0f,5851
6456a691-64cc-464b-8e52-84729a5b3ccc,10155
61d8789a-402f-45aa-bab1-390b75495383,15667
66b2a1de-2cbc-471a-aace-c6527dadb840,21315
16e99033-a5ae-460f-90f8-16c38434cfee,27102
47c0493a-ae85-4a6b-8d70-59f8cf34553e,33099
f73ddbb2-bf3f-4b4e-a51f-6d7488e7870d,39159
8b7c1c5c-a0d0-4b67-b9c6-23dce6e7d0ff,45363
905db620-5b96-4433-9d41-1dc33730a3c3,51699
5da0d35e-9f80-4bed-9d16-5d7ea6e8e57a,58163
4225570f-ec87-4238-ae7b-a999ddf0b560,64763
1ec16dda-ae26-4dfa-b27f-351351f4fce3,53111943
281c261c-a05d-4f56-8715-2e72dfd0fca8,53111943
6f5f4dc0-2c1b-4657-9226-c8f7010cffcf,53116251
002aa0d9-13ba-4900-9051-08210ce16837,53121759
bee69d95-ce68-433b-b8c6-a91dba6d95d0,53127411
9726415c-5477-4f78-943a-12e1cbc741fb,53133199
0364bec2-449d-499c-9719-fa84a4551174,53139191
7e49ffc9-2bf4-4428-b966-a9708b880d8c,53145259
97d94507-1fbd-4908-b965-843939f18ed7,53151458
152e69f0-d89d-439f-bbf4-d0708e010496,53157791
b4cff4c6-cc3a-4aa6-b4e8-ec0440cb54e6,53164258
ea26eeac-7616-4b70-97d0-6e14350f1c42,53170859
8fcfadbd-0fdc-436a-9751-bcca223afb0c,5851
d091d97f-6dc6-4412-915c-334539c40863,10107
b8f0f546-281b-47bc-ad7d-40b27d084f04,15427
505ab7e4-735d-4270-ae0a-99d3b6f3d099,20755
55602498-9570-49af-8503-8e8a6429f1db,26091
26df6e10-23c0-4fc3-a2fb-0469e47f5031,31435
ef75bb98-b842-4cac-b8b2-788ff663f461,36763
39f6f353-6242-4c0a-9435-bb06b1edbe95,42099
f55cf741-383a-4f38-b8ee-41e74dc171ba,47435
1d487840-6dac-46fc-bce1-563d23f23a5c,52763
f37d0781-8367-4e44-838b-2a4e48399e30,58099
66812a4a-8b2f-499e-b691-e7de901ac43f,61743
56f41f27-b451-47e6-be06-6b4026bee41d,65999
f3ce1f35-6ff7-409c-a353-dd43cdfe5784,71319
49e78e7c-4da4-482e-9b39-034046d31094,76651
d5ffe5d0-d547-4f40-80d8-c930a2b59cc0,81983
d3daa341-4498-4473-b050-c0fcb902d3ac,87327
96c2d3ee-579e-47ec-8bb2-4bf9b46d9049,92659
33a22907-1937-45f5-9b76-85ee2834549e,97991
e849b45c-d98a-435d-b2c7-872a1d2b3552,103327
c84f0307-6fcc-4293-b71c-78c8c7491b59,108659
4ddaa675-d20d-4d94-a1b7-24d2fe8d6056,113991
2a6ba0c6-c2b5-499e-8900-3e59d96b1105,53111943
09decb4f-87de-46db-a4a6-aa1704997f40,53116199
d9eca857-5d25-4ff0-b7d1-c5e3feafb040,53121519
3b814952-e345-49a7-a63b-f53ae7a4c4a6,53126851
eefa4f64-f86d-4225-9b7b-101520cae0e1,53132183
6a1baa3f-6ab1-4d53-9f31-8651e078b1eb,53137527
3a0ab1a4-87fc-4c49-bb85-10a6f5377996,53142859
3bdf5eca-6cde-4002-90d0-a19f9a5d501c,53148191
9dd38a14-df5d-4b67-adc6-3dda3be08641,53153527
d303bea3-0c75-4b5f-b830-a79e57e613cc,53158859
e6995eb4-af40-48a1-8378-92c8931108a7,53164187
3ac9c792-5077-4a0b-b2ea-b8c83f240c50,5849
7705c260-9937-4c66-965d-444b8b5ff8b5,10131
6e292b0e-6f70-43e6-be2e-1fa40cb6e839,15531
50127d37-b076-4d00-bd0e-cd7e452cdf7d,21034
51f4057c-2f6d-47a2-8490-c53445e89241,26571
fc5f9ad6-3a9b-47d8-84d3-9f03a243f332,32235
64f2565b-7870-4ffd-ac83-a95885dd98be,37883
0a972643-d735-4716-a239-cb32f92ee87e,43683
4c8470e0-7a2a-4c5a-97cf-02475ecc8dda,49459
5b2f8711-3bc6-4fff-a185-6f57ea02c285,55402
f91ff3e1-35c3-47a7-80e3-384bcffe6cf8,61435
72ccb243-7129-4636-aa79-62d50368ab4b,61743
aa555ecd-0fe5-4eb0-b290-b2085ac550ee,66023
e2e77d87-bece-46d4-b20a-83042a26343f,71423
3bca1ed5-695c-4cd9-b1e5-975c6bcd6728,76931
4aa6ecbb-f2c2-42ac-8d99-b6edcaa6711e,82463
bc2d692b-7d1d-4f79-a11e-4ded35ef0b10,88127
904191c0-8ad8-48d1-a45b-e1be23fd0e53,93779
bc113271-8a45-4e27-9580-0d51264f6a23,99579
8469b9ee-dcc2-43a9-8100-9b38e588f957,105350
6e6ac880-7905-4adf-9d01-559ec8c76ed6,111299
b7a42513-ddef-4062-863b-0df9e75727b4,117326
2fc037cc-89c7-4bba-ba74-c9e551b2a42c,53111943
364b1bae-e666-42eb-af8a-656280656a13,53116223
887d96ed-4bf8-443b-ba80-1a36d6c1edde,53121623
fd33b09d-d4a3-4650-97fb-a17c2945acc0,53127131
509e4fe1-55d3-4107-bfa6-43e1df7b9d17,53132663
c601d2c5-ebb0-46b9-807f-d1c7ac87fbef,53138327
20e6e0bc-0954-4161-ac73-08e3551f0a4b,53143979
66532b61-91e9-4253-88c7-1da072016d5f,53149779
3b0fb1b0-304d-4223-9fcc-43fada3773c9,53155551
170142be-d937-4529-b489-6260004ad703,53161499
ea0b26c8-942d-4216-940d-7a0e15dcb587,53167527
