index,private write key cipher size,public write key size,data cipher size,signature size,plaintext size,package size
a1aef2dd-50b1-4573-a78e-69bd53e3062e,3494,82,38039,64,34669,55763
e1d9ac29-8495-44f0-913c-13f06d18fea1,3494,81,39015,64,35639,57059
6bbd1d8a-fa0d-4abe-93be-3192808bc0a5,3494,82,38951,64,35583,56978
b14e6cf3-7a80-49a7-ba83-4df5b27fd1da,3494,82,39511,64,36136,57727
7a617174-1928-44ad-a624-9485d98e49f7,3494,82,39351,64,35981,57511
b320a03f-b4ae-4d5a-8a80-46aed26dbd32,3494,82,39079,64,35703,57149
e9f68df8-4e77-486a-ad80-754888f30301,3494,82,38807,64,35427,56787
e2c50b9f-71ba-43fd-96ff-715339df50b7,3494,82,39127,64,35749,57215
e42808fc-5209-4620-9034-cec353a922b5,3494,82,37607,64,34238,55187
b39a1de5-d1ab-46a5-bcf7-a46a24065919,3494,82,37943,64,34575,55635
2a4fe610-4e21-403b-84da-72fc040d3457,3494,82,39079,64,35707,57151
9bad7f66-b6be-4fc2-bfcc-e6f6df2adeef,3494,82,38919,63,35540,56931
8471851c-e10f-46c8-a408-3ac468c4cccd,3494,82,40183,64,36806,58622
d843b14e-d82f-4bdc-9693-8f303a8ad1bb,3494,82,38455,64,35085,56319
6bbf6c4a-f63f-43ff-ae27-0d400605bd48,3494,82,39351,64,35983,57511
71ca50ab-d6c6-4c84-86de-d6bc7d8ced28,3494,82,38359,64,34984,56191
cccb29f5-5fbc-4919-8e1c-d8b987377572,3494,82,38567,64,35194,56467
34c976cf-67a1-4b70-b7c1-ec39b96c3502,3494,82,39095,64,35720,57171
12b5abe9-73f3-4e6d-bb0a-d685dfa1ad3e,3494,82,38439,64,35057,56295
a62e6f75-c8cd-44f0-b99b-be9b054856c6,3494,82,38903,64,35535,56915
0f65c597-46f4-4fcc-9b78-660af9d3b03e,3494,82,38551,64,35180,56447
8c9c2ff0-2825-4b2f-a3c9-29ad942bbe0a,3494,82,38407,64,35034,56255
a10aeb38-c696-400b-8928-b0b7c11ab21e,3494,82,39527,64,36156,57747
480530ff-dba8-4570-9c49-eaad82d7e6dd,3494,82,38663,64,35288,56595
1ebe0646-adc3-491a-89bc-a6adedfe03a5,3494,82,39527,64,36155,57747
8534c167-1d9c-43cb-8859-e60db40904d3,3494,82,39751,64,36379,58047
efb735c9-1049-4d4c-a36e-5a4c7e579855,3494,82,38615,64,35233,56531
baaa2f68-e6ed-4887-8ec0-f73422ba9555,3494,82,38855,64,35487,56851
4585a1a9-783c-4449-9bac-1fb49322bbf9,3494,82,38423,64,35046,56275
1ac46558-7bc5-44c4-89be-085d696d1c75,3494,82,39575,64,36197,57811
5f005181-7144-4536-ba03-487fd016f3e0,3494,82,39639,64,36262,57895
89563f37-2af4-4ad7-beee-bcfe33758bf9,3494,82,40151,64,36771,58578
e6728ab0-98be-4cc2-b767-481c2bb919d9,3494,82,38343,64,34972,56167
27354178-ee60-4d3e-9a75-dbc2f0a4892b,3494,82,38551,64,35171,56447
960513bb-a28b-457c-9e62-451f1d5551c6,3494,82,37991,64,34620,55699
04fdd64d-ea06-4347-8f0b-4d967bd7d160,3494,82,39159,64,35776,57255
e9dd3465-95ba-400d-bd51-6c969af6c964,3494,82,39399,64,36024,57575
e6eb607a-caee-4be4-904c-009cdbb3d15b,3494,82,39303,64,35920,57447
5852e117-e5bd-4a5f-9046-303ed0ae23ad,3494,82,38471,64,35093,56339
746779bf-ac86-48e2-abee-5a1e5e5f27cd,3494,82,39383,64,36005,57555
af66fe20-77f8-461a-87de-7be4060e5698,3494,82,39863,64,36487,58195
a6a202ef-be4d-40f9-aed6-7d1fafc5f7c2,3494,82,37799,64,34429,55443
0561ca9d-270f-4c80-a14d-80695e25360f,3494,82,38807,64,35439,56787
34597c3b-e7bd-4676-a1e4-22772f42c2af,3494,82,37975,64,34597,55679
b90e85e8-87d5-4714-9628-b4687be068b4,3494,82,39431,64,36062,57619
6d92a092-ce94-4d74-965e-9bc584738754,3494,82,39959,64,36589,58323
ac18623d-135e-42f4-9615-623742f1da1d,3494,82,39463,64,36088,57663
226dd4d7-5ceb-4cc4-9a72-b6f9fa077772,3494,82,38391,64,35011,56231
9bb6afd2-5f30-453d-96b5-09a9e0eed79a,3494,82,38791,64,35411,56767
a3a9aef9-5019-4a8f-b3d7-0dc67a364e9b,3494,82,38999,64,35629,57043
ac123510-e8c3-44cd-a66f-3a662169b4fb,3494,82,39031,64,35656,57086
ceeb048c-8398-4575-8c56-14e55af6da48,3494,82,38791,64,35412,56767
43b33591-1def-4d3b-bb68-4f6c96b72c84,3494,82,37671,64,34299,55270
1e1bd929-d109-4e8a-b5c7-82c55c3aaa37,3494,82,37351,64,33970,54847
a1b9d11a-7aa6-4daa-aa89-811d539a2e8d,3494,82,39623,64,36248,57875
df8e5c8f-bd21-4157-a4ae-3e1e6697613e,3494,82,37799,64,34419,55443
f49a63fc-81d3-49f8-b01d-3477e369ff75,3494,82,39351,64,35983,57510
ef0f1951-32ff-4ebe-8044-3a6f53cb78ff,3494,82,38983,64,35606,57023
5e3c1b7d-3612-49c2-81c4-f4b29ff4a6e8,3494,82,37703,64,34324,55315
0acb2123-3f10-4cc5-b7d4-33b85ae6befd,3494,82,37959,64,34588,55655
f4f1f95a-d06a-4848-84ff-9281863071a9,3494,82,38535,64,35156,56423
e42bf322-2e09-4426-8925-d9eeb2661ba8,3494,82,38663,64,35291,56595
bd2427a8-3940-4bb2-bc62-981375e8aa12,3494,82,37719,64,34343,55334
b08f49b0-f7da-4012-be42-669a090cb03f,3494,82,38855,64,35474,56851
c2165cc3-3c57-4619-91d1-8bd661ebbe33,3494,82,38711,64,35342,56659
1d2f2cbc-ff96-4544-8729-5a969cda63a3,3494,82,39863,64,36489,58195
78f5112f-15e5-416d-b714-e0aea45fb96d,3494,82,39351,64,35980,57511
2ad60eb0-75cc-404b-a2ff-0a23433a9dd2,3494,82,39479,64,36097,57683
1ec2457b-5ac9-4d34-a76a-e8f153e5dedc,3494,82,38663,64,35295,56595
44f89374-f864-4e73-af47-c5458a552196,3494,82,39751,64,36378,58047
d602537a-1905-4344-bc29-1353f1ca995c,3494,82,38343,64,34964,56167
01081dd1-6874-4c23-a767-35a94d9b280a,3494,82,39671,64,36302,57939
08cd1719-1115-402a-825b-885f6e084a3a,3494,82,39239,64,35869,57363
eef5a4ed-d7e0-4379-9244-dcd400d136ed,3494,82,38183,64,34805,55954
ea098c5f-e690-4907-9935-2ebc613a1aab,3494,82,39863,64,36487,58195
5a66a9c2-1b3d-4d38-8c5b-29bc066bc662,3494,82,38615,64,35243,56531
99ca5d8c-26ee-48b5-8360-e31d106f780d,3494,82,38359,64,34982,56191
2b9749fb-9f24-4719-a222-e086d27a8778,3494,82,38615,64,35241,56531
e97bce7b-1c51-41d5-930f-4e04eac46838,3494,81,38375,64,34997,56207
2d08ae9a-3ed8-4f58-9260-b6778ab86d51,3494,82,38023,64,34642,55743
a2f1665a-f51a-4426-b1ed-8127b1f09901,3494,82,39703,64,36329,57982
674a1ae8-312a-44ef-a7ed-459455fb6c49,3494,82,38007,64,34637,55719
c7d067f3-f4c2-4957-a8fa-b04f9404a4ab,3494,82,39335,64,35956,57490
d175929e-4921-434c-920d-1bedd7b20e1b,3494,82,37351,64,33968,54847
163cff99-e0ff-48e2-b18a-250200519d02,3494,82,39079,64,35705,57151
f83c167a-6e1a-4aaa-b47f-94f5cff28e83,3494,82,38583,64,35214,56487
090f834e-4dfd-47c8-8cac-ce9c51bc8ae9,3494,82,39063,64,35695,57127
cc25b7a4-377a-4140-87cd-3d44b950a3bd,3494,82,38823,64,35453,56807
d57dcb3c-9c4b-4f50-93f0-0aa001873906,3494,82,37991,64,34615,55699
64c2fb78-01d5-42c9-93e2-ef849109925b,3494,82,38167,64,34796,55934
1fa5fd68-7f17-4927-8613-f08c4128d51c,3494,82,38535,64,35153,56423
e9691606-b745-41d1-8fd3-c011c9e37279,3494,82,38679,64,35311,56615
ffab9dde-8d74-4f8f-af15-a8550e0cbd13,3494,82,39335,64,35955,57491
06fa7ba9-6dea-4063-8c1f-8cb5bd270ed3,3494,82,38071,64,34700,55807
19d179c6-b78b-49b6-8b25-9c830bc527d1,3494,82,37495,64,34126,55039
27868d57-d926-4f7a-acd5-b52fe2dfccd6,3494,82,39335,64,35965,57491
0adec702-cf4b-472e-b646-23ac2e33a56e,3494,82,38583,64,35201,56487
5134a16a-0c59-4a4d-96be-d48c0a0348dc,3494,82,37479,64,34102,55015
f195d629-f1b7-4d29-82de-5ebdcc94cd48,3494,82,39191,64,35821,57299
180606a5-c7a8-4dcf-946c-febc36cd4a75,3494,82,38743,64,35373,56703
4eedc9e4-292a-4c3d-9bda-22f36c2a0010,3494,82,38183,64,34814,55955
a88e4f1c-d829-4ba6-a129-92429011efd9,3494,82,40087,64,36718,58495
b66ba4fd-ee44-4568-a0e0-60de5f2de05b,3494,82,39447,64,36077,57639
981beb0a-aec5-46ff-8eb2-c8b0b7b1660b,3494,82,38855,64,35483,56851
3779b0d9-926a-4dbd-b72b-38a08bb165f2,3494,82,39063,64,35683,57127
a2953640-bfc5-494c-b275-11aed2ae900e,3494,82,38615,64,35246,56531
dc0333a2-4839-4559-8da0-e6ebc637624a,3494,82,39207,64,35824,57319
e4f6c154-8161-446e-a247-a67874d438c7,3494,82,38055,64,34677,55783
2d26a0c3-ab0d-4f6e-bb6a-ae2a90c6d8c8,3494,82,38535,64,35160,56423
4f74280d-23ed-4a23-b3df-4749d4737331,3494,82,39815,64,36436,58131
9330995e-eea3-48de-b010-9b7c5c88a591,3494,82,38151,64,34783,55911
8843c1d6-44ea-408f-bba2-6638c9105430,3494,82,37719,64,34340,55335
e2a7483e-7e4a-4945-a527-b363d85f1705,3494,82,38791,64,35423,56767
bf3d8a08-e32f-4a4b-bf17-87be82c17284,3494,82,38935,64,35566,56959
0cd8b821-5df5-4e41-b208-776f1eeb59fc,3494,82,38503,64,35123,56383
259291a7-2fe0-46dd-8fe4-64ca81b348f7,3494,82,39287,64,35917,57427
b5f479a5-e95d-48b6-99f9-f86a0c29cf4b,3494,82,37367,64,33992,54866
9d8520ab-60cc-4c86-a3b9-3b86ec0877dd,3494,82,38599,64,35218,56511
5e3c6514-bf6d-4dc7-8887-d94cf5b62c30,3494,82,39415,64,36045,57599
d0881b7c-4c52-4dc1-b3ec-75085778e0db,3494,82,38791,64,35408,56767
7aa85db9-99d5-46a4-97aa-42df0fd2d529,3494,82,39815,64,36440,58130
1aaffbf3-a387-4305-ab64-b0f71131a136,3494,82,39319,64,35951,57471
350dcfda-911a-4f94-834a-b4d9691ee1bf,3494,82,38935,64,35558,56959
96777718-e6df-4a4d-b85d-864ed5692945,3494,82,39255,64,35876,57383
75492a7c-0f83-45fd-819e-45ac5c544c25,3494,82,40359,64,36980,58855
64982fcb-50c4-432f-8568-7e4bc696c4f5,3494,82,38407,64,35028,56255
c7d954c0-0884-406c-85e7-177ebc0cd7df,3494,82,38551,64,35172,56447
669cb51e-8e09-4d76-8745-c3b0c088c42b,3494,82,38295,64,34925,56103
9548b5aa-b478-4f47-bad6-d26164499d97,3494,82,38439,64,35059,56295
db1f29b2-ebf7-410a-b88f-613eb0e880df,3494,82,38071,64,34701,55807
3e6a5c87-1d2d-477f-adec-db2820066651,3494,82,39351,64,35978,57511
a8c19a44-1808-45a4-9832-34c68b276d67,3494,82,38679,64,35301,56615
d42d0b69-3c7a-43bc-8169-a9df2c5ccf17,3494,82,38855,64,35485,56851
4f47825c-5842-4b33-8575-6504df871f94,3494,82,39159,64,35790,57255
3713af68-9a49-45d7-8ea7-9ec804149bf5,3494,82,37703,64,34330,55315
e627cff7-2bb0-4fb0-99ec-8900092e4e43,3494,82,39271,64,35896,57407
44bc0c2a-1f50-4dfa-87b8-dace052cb72c,3494,82,38695,64,35313,56639
99f5c10b-1b4d-440e-be51-e2852da6b950,3494,82,37543,64,34174,55103
d081bc09-7c67-41ae-a52c-586abb5fd51d,3494,82,38551,64,35172,56447
d78eebd0-41a7-41bd-b0ba-c501c17ffb03,3494,82,40167,64,36792,58599
fed76aa8-e42b-4b0d-82df-c1781ae999bd,3494,82,38263,64,34881,56063
c64463ab-e9ae-4e1d-b29c-3962fab84a4b,3494,82,38391,64,35016,56231
cf3605f1-c713-4fc2-946f-1dccf707f0e9,3494,82,38775,64,35403,56743
83e2b1e2-5c3f-4ea6-a2ef-f7e282bf860d,3494,82,38103,64,34733,55847
1896ebba-80fa-4ad2-8ada-88a19cb814ed,3494,82,39127,63,35759,57211
cb7a4ba3-36ca-4b0e-8f28-f8fd5aa304c8,3494,82,37943,64,34568,55635
f60a373c-0e29-4f42-8c7a-d2b0ee0dba15,3494,82,39367,64,35996,57534
300267dc-3bb4-4191-8e82-f6a34ba133ad,3494,82,38903,64,35523,56914
5110c3ba-2970-40ea-a54b-0096a633c04b,3494,82,38695,64,35315,56639
5c6081ac-9b65-40c3-9f81-1630ad0d0863,3494,82,37831,64,34459,55487
9fa785b7-6cb1-43e5-a0cb-dddbc0dd09d6,3494,82,37127,64,33755,54547
4896b68b-ca5c-4f21-a61b-6b430d3cafe8,3494,82,39127,64,35756,57215
2f976b0b-7b7c-4b75-9a39-8b36d1435bdd,3494,82,39223,64,35847,57343
fc3c13aa-d6fc-4093-805c-d7323127bf2e,3494,82,38407,64,35035,56255
f4e45fe4-8a10-41cd-a75a-435218ca8e0e,3494,82,39719,64,36348,58003
272103ba-144a-47ec-8a08-d43e7121312a,3494,82,37847,64,34475,55507
02891842-d0e6-4ed5-9b1b-da75eb4c8410,3494,82,39239,64,35860,57363
228fa212-9fa2-4cc3-9c86-86d83fcb97e4,3494,82,39799,64,36426,58111
fa070a4c-e1b1-44f7-ac50-880cdc7fd116,3494,82,38215,64,34842,55999
45bec811-fedb-4133-8fa3-001e80970d03,3494,82,38567,64,35198,56467
d265568c-e81e-4824-97b8-e37e282749a2,3494,82,38311,64,34937,56127
1976d454-6b6a-428f-b9c2-6a51f216f36f,3494,82,38247,64,34867,56039
0a902c32-1095-41f1-a947-cb195bc12103,3494,82,39335,64,35966,57491
5072fc0f-e68f-49e2-9e17-d497aaa5b717,3494,82,38055,64,34683,55783
cbced959-2b94-4340-8428-55109de0f8b4,3494,82,39127,64,35756,57215
fb798410-1a8e-4391-b8ab-bbe8d84f103c,3494,82,38151,64,34770,55911
15342942-15d1-413b-8a43-3132418aedaf,3494,82,38023,64,34643,55743
2dd068b1-d23b-42f6-9c03-abf2fa8494b8,3494,82,39287,64,35907,57427
822bdc4e-b7af-424f-8fe3-4439b4204aaf,3494,82,39319,64,35949,57471
23228458-00d4-46f0-952a-da19dc69ef42,3494,82,39175,64,35793,57278
51a8c650-55ff-4e59-bd79-2d1ece5cc881,3494,82,38631,64,35255,56551
9f8acfd7-7802-4baa-a395-d0b106d50f1f,3494,82,38663,64,35282,56595
e15bf65d-917e-4519-99b3-407cf7e15ca8,3494,82,39127,64,35747,57215
62c33807-bdb1-4bd0-998c-0f5d7d7fe637,3494,82,38455,64,35086,56319
5a6c2a09-dc40-4a71-9e2d-5cd44622c79d,3494,82,38487,64,35104,56359
c6a1db76-a2ab-4577-8dec-54a5332cf87c,3494,82,38135,64,34756,55891
15cdebef-27d8-4184-99ca-85de076bfc97,3494,82,38199,64,34818,55975
20d14340-f0eb-42c1-9443-a133c165c4e6,3494,81,38503,64,35128,56378
da682084-b048-4328-979e-16e079f5c0b6,3494,82,39559,64,36186,57791
335cae68-dc1b-41e6-9d57-6f11cdb68fbe,3494,82,39607,64,36237,57855
cbcf68dd-0640-4002-829a-54188ae72913,3494,82,39079,64,35697,57151
4c87c6aa-283c-4133-9763-b4a7c5fd99e5,3494,82,38855,64,35482,56851
b0a493dd-0c6f-47db-a03c-fd3cc565cec2,3494,82,38567,64,35195,56467
148c0b3f-9568-49bb-911e-fe6e8c5bc3f0,3494,82,38503,64,35127,56383
dbdd422e-a10e-4b3f-9273-ce98d2262b42,3494,82,37783,64,34402,55423
d44a34bd-b93b-44d6-bf6e-9bf0abd86843,3494,82,38375,64,34997,56210
8e1c47cc-068b-4024-875a-ced3262c969b,3494,82,38583,64,35201,56487
ba876f2f-d370-4067-821d-b6802577a816,3494,82,38871,64,35498,56871
b46af9ea-2d97-45be-a7ac-a1fcd7723b0c,3494,82,38503,64,35126,56383
96e1c235-a3a9-4df9-bf59-cbcbbb89c012,3494,82,38775,64,35406,56743
9785dc74-c388-4fe2-8a09-d7d6408ff8de,3494,82,38983,64,35603,57023
c7e516b5-5c8d-4896-9aba-7cf861132537,3494,82,38247,64,34875,56039
fdf2ee72-abf4-42cf-9454-5d7388830e12,3494,82,37879,64,34503,55550
feffa9a1-1922-4091-bcc3-661985cc8e89,3494,82,37639,64,34267,55230
f3e83b75-9568-4ad7-b770-9573699c8668,3494,82,38359,64,34976,56191
ac112e01-d5a0-446c-acdb-3dc152bbf83b,3494,82,38791,64,35418,56767
5c8507ca-269e-498e-8aaf-fa89c87eb8aa,3494,82,39079,64,35707,57151
c576cc81-75fc-4d82-b527-7729e4d138c9,3494,82,39479,64,36111,57683
22c7223d-52f0-4676-b23c-bdcbf444bfe3,3494,82,38839,64,35460,56830
590555e9-ab86-45d2-a520-ffe96df2d6fc,3494,82,39255,64,35884,57382
fa373f75-932f-4955-9965-10eedcd4336b,3494,82,40055,64,36686,58451
b346fdb5-0649-420b-8fcb-baf69708d603,3494,82,38247,64,34872,56039
8be2a2e6-3646-478f-b95a-04ea0eb51bcc,3494,82,38503,64,35122,56383
1ad57e04-b44c-432c-a6f2-c526fa844cc2,3494,82,38359,64,34977,56191
23dcdb03-2014-49a1-b805-654de16199e6,3494,82,38263,64,34889,56062
2fe96b87-8799-4662-aedc-f7f8ba74f540,3494,82,38231,64,34851,56019
b16bb199-8de0-4a75-bb03-903a63e70a66,3494,82,39415,64,36038,57599
9534ef1f-1622-4d90-b392-c318c1f5bd5e,3494,82,39127,64,35753,57214
008d6729-286b-4fdc-a0e6-81aa91488738,3494,82,39159,64,35777,57255
c424b1a9-a983-421b-863a-1b619735de74,3494,82,38471,64,35095,56339
4e6015c1-c034-4f72-ab43-1ea8c3f7452d,3494,82,39367,64,35991,57535
25d86e14-3b75-40ec-a02d-ba411a849b73,3494,82,39255,64,35880,57383
e0a86a96-b4a9-4f2f-88bd-9ed0ac8e20a0,3494,82,38007,64,34626,55718
96c67817-c895-4b97-a2ca-0c86e9102883,3494,82,38343,64,34969,56167
86ba9f08-3d06-4a4f-bd06-86e8ff5b4ad5,3494,82,37927,64,34557,55615
e95bab1e-395a-4dac-9c65-09f0e44dcbd2,3494,82,38215,64,34833,55999
49dd40e9-5f38-4e68-a310-f2333e410167,3494,82,38423,64,35047,56275
fd36ee85-2922-4eb8-81c0-4811d6e2720c,3494,82,37879,64,34511,55550
6b822e7e-3cee-4c8e-a1d3-2d5d8965f8d5,3494,82,39239,64,35869,57363
c94e187e-6cb0-4e33-95a8-ba71ac58fcc5,3494,82,38359,64,34988,56191
ac4672d3-e535-46a1-bd50-7b8236c3cf1d,3494,82,38727,64,35359,56679
8d5ad276-681b-4c15-8034-f37c7e3ee9a2,3494,82,40423,64,37052,58943
8b5b3bc0-326d-4047-8abf-0ca7fbf0bba1,3494,82,39127,64,35746,57214
91e90a6c-ac5e-4308-8370-d4bd0cef0a97,3494,82,38935,64,35565,56959
dbc7441d-4394-4873-9e5d-562263b87d5e,3494,82,40231,64,36857,58687
1b065660-024a-429d-84fa-8144cb4a4f29,3494,82,38887,64,35510,56894
2df6645c-b450-496a-bcbd-a97f2d2c6f73,3494,82,39031,64,35650,57087
bd7dad42-60ee-4c58-abc4-e4e5b53224f7,3494,82,37959,64,34585,55655
1b9d58c2-0997-4270-87f1-af68bd8b622d,3494,82,38455,64,35086,56319
9a9fda42-b305-4003-bdb1-e826ced6257b,3494,82,39383,64,36009,57555
46f1061c-df9f-46f7-a076-f3987b05341d,3494,82,38903,64,35528,56915
3fd06d12-3c86-4105-ab7e-a3e30a5363e8,3494,82,40167,64,36794,58599
c4544bbe-6c86-439b-88c6-999b95b46780,3494,82,38135,64,34757,55891
61ad789f-8a4a-48d7-a99a-edae1405bfa7,3494,82,39415,64,36035,57599
f55d0f10-7f02-4c75-b18d-8431dce6ea85,3494,82,39319,64,35940,57471
c5b8e89b-a5e5-4172-8a60-468291c14582,3494,82,38791,64,35413,56766
cc93dfd2-104e-44f2-9b7d-e344a0f636d7,3494,82,38231,64,34852,56019
7b302b8e-c8c9-43ee-94e6-f5fdbb3be687,3494,82,39255,64,35880,57383
cb38b0bc-838b-4853-86fd-0e2169637efa,3494,82,39975,64,36593,58343
f2101357-8218-49ef-bb4d-49146bd5a8ea,3494,82,38407,64,35029,56255
d865a64d-8051-40b3-86e4-fcbf5095a7dc,3494,82,39319,64,35949,57471
70cc8b6a-4b61-4643-a629-86d8aac3d599,3494,82,39271,64,35889,57407
d7517559-8c54-4212-981b-3402efcf2c89,3494,82,38935,64,35558,56959
273ea686-8ac0-446b-b139-d7af6a008c8d,3494,82,39015,64,35647,57063
791d820a-a2a8-474f-ac1f-0753deb4deaf,3494,82,37543,64,34161,55102
71b12a53-cefc-4a93-9a5f-9e6ea959dcf3,3494,82,38695,64,35327,56639
d8c830d5-f144-499e-8fdc-f8080e468b14,3494,82,38375,64,34997,56211
87a1cc7d-9cb2-461c-a85e-f0cf1471562e,3494,82,39463,64,36091,57663
3f2a1f1f-5d18-4411-a26b-c2728e07828d,3494,82,38039,64,34668,55763
be6ce835-c87d-4b88-8523-4e7694d58882,3494,82,38599,64,35231,56510
aec13c65-91bc-4ec2-acfb-572c0f427a06,3494,82,38759,64,35383,56723
4b2f144a-445c-4eb4-b458-ceeefb97c9bf,3494,82,39143,64,35766,57234
3adf7e02-d55c-43bc-b6ac-f04f3827fa63,3494,82,38743,64,35360,56703
5416c98a-de59-480e-a725-49b49268c4ed,3494,82,38791,64,35415,56767
60e5a0d9-ea80-45a1-b043-6a5bbdd5822c,3494,82,38551,64,35173,56447
aca4d9e1-8210-4d2d-a5b3-073697871d6e,3494,82,38679,64,35305,56615
f3505232-0055-4a04-b49f-85b43fc9474c,3494,82,40407,64,37032,58919
c5e9c82c-90f8-422a-87df-b55ce668a2a1,3494,82,39527,64,36151,57747
03360e1b-d4db-41f9-b4af-139375789764,3494,82,37975,64,34604,55679
6a6e6404-1cc8-492e-ba4a-8998ef69815a,3494,82,38615,64,35237,56531
8273c531-baeb-4ba5-ab6f-f729d0b3c4cd,3494,82,38519,64,35143,56403
5f873a07-fd79-40ed-89a8-595de73deb74,3494,82,39127,64,35748,57215
627b890b-4f56-4494-9f05-8272f495ef23,3494,82,38279,64,34897,56083
a88193b1-701a-4e86-a10b-7b3d16aa2216,3494,82,38519,64,35144,56403
b294ca6c-debc-412d-a057-efd787857f13,3494,82,37751,64,34377,55379
28802670-7099-475c-b969-9209be345d6f,3494,82,38583,64,35207,56487
88271f8c-92ba-499f-8436-399478741bb8,3494,82,38375,64,35007,56211
295ee10b-31ff-444a-959a-98a3250e5ae1,3494,82,39463,64,36089,57663
bc5f8fee-4d59-44ae-8626-0a9ef9a53ede,3494,82,38487,64,35109,56359
555ef806-a282-4dc3-989a-f9c1beea7a82,3494,82,38647,64,35270,56575
b1f8762a-4bb7-4c13-8eda-6bf334350b4e,3494,82,38007,64,34633,55719
96ce59c5-45a3-4ebc-b492-322f7dd4e33b,3494,82,37847,64,34468,55507
0ab01166-4ec3-4149-9483-eb1f0023b0ae,3494,82,39383,64,36008,57555
11a1025c-2082-496f-ba5e-7bbbabf18790,3494,82,37767,64,34390,55398
529e1571-1756-46f5-bc32-f52983aadb26,3494,82,37527,64,34150,55079
696270b0-3ed8-4d30-a5b2-ce775bc3e0c5,3494,81,37719,64,34349,55331
6b6dff3e-2818-44d0-8393-c959c61e959b,3494,82,38439,64,35056,56295
81761c8d-5038-4e7e-b8e3-72d24ab5f17e,3494,82,38119,64,34736,55871
724b6ec4-464c-479d-b6dc-c8324192f9d3,3494,82,38583,64,35205,56487
546a74d0-b0ee-40c2-99c9-11f0681bcfcd,3494,82,39543,64,36168,57767
8b37df0b-1233-4b45-9fd9-5f78f75d13e4,3494,82,37255,64,33873,54719
b8841c49-1186-4c3a-8e14-cf525726dac8,3494,82,38135,64,34754,55891
e723cfe7-e699-4756-b897-a61720d621e8,3494,82,38967,64,35593,56997
4adf47e4-f37c-4360-a124-7e329551fd52,3494,82,38935,64,35564,56959
3ae18240-d4c9-4770-90f5-1d5801a595b8,3494,82,39479,64,36106,57682
569d0589-f038-4b2b-b02c-20276f6b32ee,3494,82,37447,64,34072,54974
9eccf6d9-c542-4a1f-af5a-a4a32dd9d8f8,3494,82,38231,64,34848,56019
7386f69d-9448-4c69-8d0b-e6f93939a0d6,3494,82,39207,64,35838,57319
d4c2ec5a-1e05-400a-aa0d-72b107386f28,3494,82,38615,64,35244,56531
c3977b17-dbc9-4278-9dde-b56526d37850,3494,82,38007,64,34636,55719
4ddea2fd-61d0-4c58-9958-0852a306464c,3494,82,38471,64,35098,56339
075caf79-ad07-42e7-b43d-88a0aabe28d7,3494,82,39559,64,36186,57791
5222959b-7dcc-4e65-b172-d112756881a7,3494,82,38919,64,35548,56935
de1aaee4-e643-4462-a05f-e57f6e36acf1,3494,82,38839,64,35461,56831
395dce18-722e-4648-a8de-0260fde1b020,3494,82,38567,64,35195,56466
15b9ad3d-91b3-4d25-b741-f93750bbe916,3494,82,39031,64,35654,57087
12ba68df-ee22-4739-a270-f3384dd110cc,3494,82,38391,64,35011,56231
f2f740b6-d1a7-4574-ad36-12bd62ffa717,3494,82,38487,64,35113,56359
f7d4d1d4-2ba3-4aef-896c-4b8f403f1cf3,3494,82,39207,64,35836,57319
5d44947f-fe46-4e11-b0bd-37b11b288a07,3494,82,38695,64,35317,56639
113ec443-1f54-4904-923b-817b348de99b,3494,82,39191,64,35822,57299
3b2cdf3d-17e9-4e72-8189-b9f21da9b36f,3494,82,39479,64,36107,57683
ef9d8cf0-5fc9-42fb-9e60-9d4371f970d0,3494,82,38007,64,34626,55719
e391030e-89f6-4b0e-bf16-5f4a8fb8edc7,3494,82,39079,64,35708,57151
6e5ab6e5-2408-4764-baf3-9e29a9c0c76c,3494,82,38727,64,35358,56679
e97bf48b-a8c1-4269-acea-d6d6c0361842,3494,82,38247,64,34864,56039
f5a5335b-13ca-4676-8461-87c30824e8a1,3494,82,38391,64,35013,56231
f21fa702-1950-43f1-9571-d0e9b25b98b4,3494,82,38871,64,35495,56871
40ddbd17-c2ff-42a4-96aa-b2a997d8ad83,3494,82,39159,64,35790,57255
b5b3cfbe-b5e3-4c34-b6dd-3e8e9bb80b28,3494,82,39991,64,36612,58367
1af2e4b1-8cdf-45a8-90ac-ae555e0de8cb,3494,82,39735,64,36357,58023
9d45ee1f-c9c6-4e70-857a-25997cf902e9,3494,82,40343,64,36962,58835
a39f6940-7e87-4785-9036-e7f811f9ca5a,3494,82,38359,64,34985,56191
e6796c9e-eb2f-4271-bc47-9b486ababf2c,3494,82,37479,64,34104,55015
80a18e59-a6d6-46d2-9b27-c4985ffb1282,3494,82,39143,64,35769,57235
14fa9f48-487f-4881-b405-7d5832b1221e,3494,82,38615,64,35232,56531
630f57c8-2483-4517-a769-d6d0674a503a,3494,82,39607,64,36232,57855
678a7f7d-d8b9-4544-8ab1-1ac39520095e,3494,82,38711,64,35329,56659
b2048a0f-2a7a-4e65-8bb6-6ac7ea5c68ac,3494,82,37799,64,34420,55443
82edeb2b-7595-4248-819b-74bf43b02db0,3494,82,38151,64,34771,55911
4bd67fe3-c7a0-4f1a-b358-69c46884cafb,3494,82,39671,64,36297,57937
83e18ab8-49ab-40da-925f-605f1b1ab3a7,3494,82,38935,63,35563,56955
00dbe4ae-7718-4e6e-a36b-41775e6cd2b3,3494,82,38999,64,35620,57043
1c621ec1-a241-48be-a090-f7075ea120ca,3494,82,39847,64,36479,58175
3211f2fe-5ba4-4e26-acc1-e0845e996fab,3494,82,38839,64,35463,56831
1f69b11d-acc2-4960-a27c-163c60dc04fa,3494,82,38791,64,35421,56767
f1d87e24-d1e1-418e-a276-cdc61677c7b0,3494,82,38135,64,34766,55891
388f38b2-94b6-41f1-a2b6-7c0ff68d6ad6,3494,82,37799,64,34428,55443
04f9f219-8108-408f-a963-ddd364105d46,3494,82,38887,64,35509,56895
1afc6252-95fc-4000-a152-55f4d2d9d637,3494,82,39319,64,35946,57470
3f8fe1cf-9f6f-43e2-b737-5836b61bd419,3494,82,38151,64,34770,55911
be44fd5d-c8a6-4f99-a08e-fdef27921dc9,3494,82,38519,64,35140,56403
d6a445c9-d519-4874-8a25-3d00c2a7ec56,3494,82,39415,64,36043,57599
989ce474-19f7-4d6f-9424-132bdb69b278,3494,82,38647,64,35275,56575
b18dc3db-dc4b-4a04-b084-ad66facbd930,3494,82,38263,64,34892,56063
595889d9-2fb2-4ff8-81a0-e98e6cbdd1c8,3494,82,37959,64,34582,55654
c4969921-051f-4fc5-a6ca-dee09b1999e4,3494,82,39223,64,35846,57343
417f61e1-9193-45a5-9353-f21eebe21f08,3494,82,39287,64,35918,57427
7809d977-4377-4ad6-bc94-d480473841a5,3494,82,39223,64,35848,57343
c39057a2-4847-4edc-a666-c8ed0ad71b37,3494,82,39479,64,36105,57683
33d21282-48ac-4288-b350-03a7fef19e7e,3494,82,38807,64,35433,56787
5f06e9fc-3a63-4b8b-a4bc-b0ece49931fa,3494,82,39463,64,36088,57663
bc756e08-53c9-43b1-beaa-14e2e65ff38e,3494,82,39063,64,35690,57127
3224e37a-a567-414c-b53d-8990e5465cb6,3494,82,38343,64,34975,56165
7b0e9963-74be-4180-88be-32a74bd37ce0,3494,82,39159,64,35779,57255
52b23bb6-c52b-472f-94f6-280985cc6ebf,3494,82,38759,64,35382,56723
dc63ebb6-3ef0-41c4-9dec-b012ae4224a3,3494,82,39271,64,35889,57407
47d45813-e53c-43f8-b37e-d2ebf4054d98,3494,82,38935,64,35554,56959
a260de6a-9809-4777-a6e8-19b1eb631b2b,3494,82,37719,64,34342,55335
9691877b-6239-4685-b617-57454363c105,3494,82,40071,64,36689,58471
609ae24a-7ef9-4d67-bde5-b2cbc6052444,3494,82,37847,64,34475,55507
7c0ff4a2-ed95-448d-976f-14401765edcd,3494,82,39079,64,35705,57151
e46d4bc9-6e1a-406e-9ecf-6b51007d20bd,3494,82,37975,64,34605,55679
e2e114f7-c1ba-4226-afab-7dbb56ad6014,3494,82,39015,64,35633,57063
90d53372-251a-476c-9e8d-77bcc186969e,3494,82,38583,64,35213,56487
0c9b51ff-006e-4ce9-bdf6-96f61733a32e,3494,82,37911,64,34541,55591
d8b0064d-03d6-41ec-a539-bc32cb49aa50,3494,82,38055,64,34682,55783
30b33cbf-0c3b-4cf6-bdad-01d5503f6408,3494,82,38711,64,35339,56659
a20648e9-5cab-44ce-9978-ecffe6f661ae,3494,82,40247,64,36874,58707
1a01b3eb-c081-4d8e-9e53-73d394ee98e2,3494,82,39095,64,35717,57171
0a9de5e2-5d5b-4a3d-af13-15bd4dbbbee3,3494,82,38263,64,34884,56063
02c258e1-f12f-43ce-b06b-8535f44abba6,3494,82,38039,64,34667,55763
7ba05d2b-672a-477d-9368-5c8389729c95,3494,82,38391,64,35008,56231
1796f0ae-b1c6-4591-9e13-204589fb4671,3494,82,38455,64,35073,56319
874638f0-adab-42f1-b8f0-de0901189621,3494,82,38647,64,35273,56575
7df69792-3049-40ea-a0b8-a9bda5905078,3494,82,38871,64,35500,56871
00df474b-72b4-43b8-93ff-11dc7eca4b47,3494,82,39319,64,35946,57471
b9f82013-b498-4791-8208-399f393c56ef,3494,82,37783,64,34407,55423
862f76cc-9024-46f0-8a05-03390b65ed8d,3494,82,37943,64,34567,55635
a1c047d1-37db-4a88-a61b-d224c3a0f264,3494,82,38215,64,34837,55999
eb1ef50c-e657-4f60-a8c4-84c4b2222bd9,3494,82,37591,64,34220,55167
20540bc8-84b5-424d-91fc-dcbc677b7d2f,3494,82,39815,64,36443,58131
fd19ed9c-4fb6-4571-9a42-8bedf30a29d3,3494,82,39015,64,35643,57063
5876927e-0f9b-4bd4-ac6e-3881e2a51d5f,3494,82,37399,64,34030,54911
039caa3a-def9-4034-b79a-a7012f201b1d,3494,82,38407,64,35025,56255
16a66c27-5f8f-4403-9c03-fc5b58cead84,3494,82,39111,64,35728,57191
a9415228-7aff-4c2a-b11f-c97500212dd7,3494,82,39559,64,36184,57791
01f319cb-5b1c-43fa-97a5-690faa9161a0,3494,82,37639,64,34256,55231
96014367-7893-4080-bf24-0b7673088309,3494,82,38039,64,34662,55763
3bcd0450-a6fb-4d81-895a-c9988936d148,3494,82,38247,64,34875,56039
ab29d72b-5291-437d-b244-7f4798f60d1e,3494,82,38407,64,35031,56254
eaa639bc-6512-4e69-8692-55c239d5dc91,3494,82,38551,64,35172,56447
456d44c6-f4b2-48ae-ba6e-96afca902750,3494,82,37399,64,34020,54911
59de1d36-b633-4a7c-bfe7-3683cd98d2fc,3494,82,38471,64,35103,56339
f96b8f84-67d4-4c46-a50b-685918bab2e4,3494,82,40247,64,36878,58707
0646c533-0cdc-4074-8e97-21977a9f2ed3,3494,82,39031,64,35648,57087
f104d0f5-4b0c-40a1-b834-39a0cd70e5cb,3494,82,38215,64,34840,55999
8d17bc6b-68ba-4b7b-bf33-40b604c2d0ea,3494,82,38455,64,35083,56319
6ab10e48-e311-4562-8fd1-50e7f0bf15dd,3494,82,37767,64,34398,55399
fee7965a-61ce-477b-aca3-6d9f4ca5640e,3494,82,38999,64,35629,57043
18fb9ce1-84e5-48f6-8240-889287d05dda,3494,82,38839,64,35461,56831
6ad15718-f1f1-4cb7-95e6-0e50810dafc7,3494,82,39287,64,35911,57427
7850e793-655f-4b63-967a-48ad88cf3e87,3494,82,37463,64,34081,54995
9170c200-3ac1-4782-98ff-71bf6d5ed815,3494,82,39287,64,35906,57427
1928ed11-b478-48a0-994d-c53eac3f3356,3494,82,39015,64,35636,57063
477e386e-ade1-4afb-95ce-2c8051b654b5,3494,82,37959,64,34579,55655
f9b978f1-e654-4214-b8aa-7b6fe1a25e0f,3494,82,38775,64,35404,56743
46b0fadb-9155-41da-ae40-ec4d3e62c29e,3494,82,39031,64,35655,57087
b66b13a7-f350-43f6-869f-55a6dc18bc88,3494,82,39831,64,36455,58151
4daabf2f-9e2e-4186-b599-299b00306a5b,3494,82,37735,64,34356,55358
a66cbb09-5618-4e88-a76b-71ee86045b08,3494,82,39367,64,35989,57535
054ecb2a-cb29-4231-9f1c-16f87dfb1325,3494,82,38279,64,34897,56082
89855e55-6e60-45fa-8c56-28dacb41dabf,3494,82,38983,64,35601,57023
b8b8f6e1-3a20-4689-9fb4-1a4fa88705de,3494,82,37783,64,34404,55423
8f2b4a3c-d798-4322-bc58-b9fbc79de0aa,3494,82,37991,64,34608,55699
3c491a9f-0a05-4ab7-b9af-f4c1914906cc,3494,82,38839,64,35465,56831
1a6b69f7-e97c-430b-ab8f-8d495629ae3f,3494,82,38951,64,35568,56979
667f3994-1d8b-46a6-9eb7-e552518ac145,3494,82,38759,64,35377,56723
97215659-d0ad-41c7-9d3b-1650a55bba18,3494,82,37623,64,34248,55207
8af0237b-c2e9-49a5-a841-2dc215acc471,3494,82,39063,64,35685,57127
1a1311b2-41c1-433d-b25d-fc666d4ff585,3494,82,37911,64,34539,55591
7c97a50b-84d2-45e5-9b23-cf79500bee82,3494,82,38775,64,35401,56743
b56b970a-c9c6-43dc-8c7f-7ed8965fd887,3494,82,38615,64,35238,56531
29282974-768a-47d2-a446-dbb5f66253d4,3494,82,38871,64,35495,56871
f526b07e-4059-4ecc-ada7-e64a64abd9c2,3494,82,39975,64,36606,58343
f4288656-cc14-4c3d-9b73-9add97475dce,3494,82,38279,64,34901,56082
a8a0d09e-c27c-444e-a391-76fc35785395,3494,82,39303,64,35930,57445
69157dc6-1185-40b1-9637-57375eef7021,3494,82,38311,64,34931,56126
d06fbd2d-066d-43d7-9ed1-2597f0c532f1,3494,82,37431,64,34058,54951
5364a46a-f72c-439e-a312-38c7404631c3,3494,82,39159,64,35780,57255
b02cea0f-7ce0-4535-9897-3519a30aec9c,3494,82,38423,64,35045,56275
1721d69f-9afe-4c21-837f-f09846d2d078,3494,82,38423,64,35054,56274
160aa6ed-760e-4bee-a33c-5637da5a256f,3494,82,38647,64,35273,56575
85ad586e-d753-4e8c-ba0e-e211933aced8,3494,82,38791,64,35409,56766
84d09090-930a-46d9-b546-058164a401b5,3494,82,39239,64,35865,57363
98922378-217a-4f99-b8c7-5ce8b00be224,3494,82,39671,64,36293,57939
ab9fb234-43bd-4862-8b5b-0a99d73a6f92,3494,82,39559,64,36178,57791
9d4b6fea-e850-4539-8a81-6a04aa80f44c,3494,82,38567,64,35190,56467
21d51b49-f865-40b8-8433-0272372c71fe,3494,82,37143,64,33764,54567
161016e3-3e1b-43a2-9894-485e1a3d1a12,3494,82,37655,64,34275,55251
c18c3f51-6439-4f8f-a07d-370e7e549f76,3494,82,39383,64,36011,57555
fccd24eb-1a65-488a-9f5e-8e8f1d8ade34,3494,82,39751,64,36379,58047
5a2aff62-90a5-4f7f-a73d-0f37a419d7e5,3494,82,38615,64,35232,56531
5b08984f-33e4-434f-b39c-4f0e69c5be4d,3494,82,38439,64,35058,56295
c5276aec-d477-43b5-b64e-5c961e630632,3494,82,39223,64,35842,57343
0ca7b980-902b-4cbb-80b3-6c6833d1650f,3494,82,38935,64,35563,56959
3f7270ec-df8e-40df-8c15-f38e1f83bb81,3494,82,38631,64,35261,56551
42121d51-4645-4418-99ba-55b26ab6dddd,3494,82,38359,64,34988,56191
45633eb4-7ca3-4598-9027-e56c4b80c395,3494,82,37127,64,33744,54547
fc4f63b7-72ce-4cba-b3ab-3d23ea3ada3e,3494,82,38327,64,34953,56147
645b0d47-8f71-47cc-b6a4-85c349048b5c,3494,82,38775,64,35392,56743
8e431b96-b0a1-4e18-b5c4-b6e220545c41,3494,82,38391,64,35012,56231
124573eb-2e35-4a9f-93d2-efc0237709a7,3494,82,38823,64,35453,56807
a2a26031-a797-4fbb-8285-6c98ff481d2d,3494,82,37463,64,34090,54995
835c3fea-608a-408a-af0c-fb619b4fc139,3494,82,37815,64,34447,55463
3ecfdce4-0958-4955-933d-c61bfc7f9cce,3494,82,38855,64,35479,56851
3ae38b87-0cf7-4638-b4e6-e49182299514,3494,82,38295,64,34918,56103
04594e00-610d-497c-acac-c515f7d7c0c8,3494,82,37319,64,33943,54803
04555ef5-9eda-4829-8829-b0a34d60060d,3494,82,40071,64,36700,58471
bc368c7c-4b62-4f88-ba07-b8f0a9138971,3494,82,38439,64,35064,56295
5bded39c-193a-4e25-b05f-5df59e9822f0,3494,82,38935,64,35557,56959
cd3a9039-ec1d-4f29-9e2d-85289c907772,3494,82,38759,64,35386,56722
15c02095-6ec5-4dfe-9fcd-cd480b2dcf4a,3494,82,38679,64,35310,56615
687cd703-fec9-444f-a4f3-dc33a14328d6,3494,82,37559,64,34185,55123
83eede7d-5475-4e29-9c89-c1afecfb33f3,3494,82,38855,64,35481,56851
c4b851c2-68ad-4493-b659-a3d1855711eb,3494,82,39319,64,35944,57471
cc0cb523-4a71-4c4a-ac21-fb52c524026a,3494,82,38871,64,35491,56871
739b4bef-c7df-40b0-a2c7-407e52e47cbf,3494,82,38599,64,35219,56511
a0dbe600-112a-4313-b00a-b27947364a5e,3494,82,39463,64,36090,57663
5f72ded0-5399-476e-9fb2-1b4f445e6d13,3494,82,39047,64,35679,57107
87e1b835-209c-4419-bfba-2da074a654b1,3494,82,37479,64,34100,55015
7b9323ea-6586-4550-850b-eb88a2f249c8,3494,82,38887,64,35507,56895
c9585e7b-981d-4018-b360-a96be217d058,3494,82,39367,64,35994,57535
f068870f-c138-4041-957c-adaf8f631f7b,3494,82,38647,64,35278,56575
8dabbbf0-4a4f-40d6-936b-5f67f5f09443,3494,82,38407,64,35035,56255
419cd6e4-6243-4cbf-9cc9-648a07cdaf48,3494,82,39287,64,35914,57427
ae1426f6-5ce4-4f0a-9fc1-c396f32d0db5,3494,82,37399,64,34017,54911
08cdc501-a3b4-4b9f-a624-b34f2b5678b1,3494,82,38503,64,35125,56383
b576fb26-8a89-454b-8d8e-dd7a13c55c5e,3494,82,38807,64,35436,56787
d8c6165f-112e-479e-9b54-25076a3b2ad6,3494,82,38215,64,34836,55999
97ea5c80-dc08-4ce8-bde2-a75b6132f162,3494,82,38103,64,34728,55847
80a43062-98ac-40ca-9bf8-a6c773391842,3494,82,38439,64,35064,56295
671c5f66-6584-4351-b0dc-aeff62f5e14f,3494,82,39031,64,35651,57087
8bac7739-300b-4a7d-a2a5-b0fd32c84170,3494,82,39431,64,36053,57619
fdef5fba-d823-4df9-85e1-420780482187,3494,82,38295,64,34916,56103
10de3a22-754c-4b5a-aec2-4745832c5342,3494,82,38231,64,34852,56019
d0ee2c06-a720-4181-8b13-66c7098165e2,3494,82,39767,64,36396,58066
e5fa2ec1-db3f-4551-b115-f8c36ac73ae6,3494,82,38055,64,34672,55783
15a10af2-d440-48b6-9259-bf7b0e371493,3494,82,39031,64,35650,57087
b5d7651b-d952-49a5-b8f5-53fb71c899fc,3494,82,39495,64,36123,57703
dcee2eac-ae36-456f-9a50-f008b1d51763,3494,82,38535,64,35160,56423
81ab6a5c-0dac-49ad-aa0b-29ceb785c012,3494,82,39447,64,36065,57639
c4728620-120a-4525-a04c-c0b57530bc91,3494,82,39079,64,35710,57151
f617cf0d-6a4f-4803-a0e2-4bd0eb44c14b,3494,82,37367,64,33998,54867
057c67f1-f515-4b22-b14a-07eceda8aa32,3494,82,40119,64,36743,58535
0ef91701-b7d9-4dc1-9ec3-166de6340bae,3494,82,38151,64,34770,55911
91b47c0f-df30-43ba-85cb-7b9948365d18,3494,82,39271,64,35894,57407
167268d3-c904-45c4-ae50-79520571092a,3494,82,38119,64,34746,55871
8eb607c4-52d4-4d6c-b62c-c3ed96f1593e,3494,82,38199,64,34831,55975
b27af832-096d-486e-9c9f-35f3bd8f0146,3494,82,39687,64,36319,57959
b71b4577-6ad4-4b60-9c12-aa49a57d2b47,3494,82,38679,64,35305,56615
408f90d6-87d1-45a3-945c-d6680c29e65d,3494,82,38439,64,35057,56295
27d07c54-1d07-49da-891e-7c594937b6f8,3494,82,37303,64,33924,54783
0f4695f2-768a-4025-aa0b-c5b295516eac,3494,82,39159,64,35786,57255
6f59c745-e3ae-4e9b-8991-7ac89bf92523,3494,82,39143,64,35761,57235
69559753-4df5-4e41-a653-c331cb256e75,3494,82,38839,64,35460,56831
4b4401cf-fbf2-4010-adce-6861fc0b61b3,3494,82,38295,64,34922,56103
ec928ec5-c66f-4328-a8aa-b22e4966aa41,3494,82,38455,64,35084,56319
90a14e6c-5650-4824-8bc0-71eda4c56eac,3494,82,39047,64,35671,57107
31d442b2-efe5-48a9-96b8-21a2588cb938,3494,82,37719,64,34351,55334
6d1a4868-cb00-4ff3-adbe-aa1e9f0d5dea,3494,82,37559,64,34188,55123
feaf3528-c76d-40ab-acb5-980debceb17c,3494,82,38727,64,35357,56679
a8c493fd-7c5f-46f8-9600-d5f6548a5b59,3494,82,38871,64,35503,56870
1e78cbc3-5161-42a1-b0ee-4bd5fdb86e96,3494,82,38215,64,34840,55999
191829ec-4b96-459d-960c-801fe6fd9433,3494,82,38551,64,35173,56447
1ecec3bf-3134-4b48-b7bb-a01412f67a09,3494,82,37991,64,34608,55699
dc897a54-d45c-40b9-aa39-236529148998,3494,82,38055,64,34686,55783
01d4d767-8224-42da-b768-782b4da6dfe9,3494,82,38343,64,34962,56167
befb888e-84d2-4c62-b704-f97e3adb056a,3494,82,37799,64,34424,55443
189e719a-a69f-4bbd-b28e-47e0ebd3d302,3494,82,38183,64,34805,55955
823a3741-578a-47cc-a027-f20014ce0dda,3494,82,38519,64,35137,56403
15e74dfa-d637-4ddb-84e4-567962e6a150,3494,82,38647,64,35276,56575
5d3b1001-902f-4dd9-aad9-5eaf8f570224,3494,82,37767,64,34389,55399
c0cb4012-4022-4e6a-855f-2dae0100dd8f,3494,82,38471,64,35098,56338
c79c8910-3f67-4582-9fe5-b72af55f4d45,3494,82,39511,64,36131,57727
e837b6df-01df-4592-b70c-f855151d88db,3494,82,39463,64,36090,57663
f01c17b4-f0aa-47ba-84e0-a4c38edf80f5,3494,82,39223,64,35846,57343
a5272d1f-83f7-4cd5-8201-ed02a61fa97d,3494,82,38295,64,34919,56102
4ac7c1c0-4a2e-423a-90de-4375e992799b,3494,82,37399,64,34025,54911
6e1f8a09-6efd-458c-bd8a-1d29be41eff7,3494,82,38215,64,34834,55999
d4b45e95-4a3b-4ef3-ad48-99473c057419,3494,82,40375,64,36992,58879
67922348-8859-4093-bf82-d7fcb1f488c6,3494,82,38295,64,34913,56103
b1b56eee-24bc-4d53-8410-fe0d022737fa,3494,82,38967,64,35593,56999
4a83a93f-20a5-4334-89e4-98b9f23d017d,3494,82,38455,64,35079,56319
7c25e96c-62aa-486a-8986-3e9140cad42a,3494,82,38231,64,34850,56019
8f05861c-e050-4675-b0b7-2b8112238a71,3494,82,38135,64,34760,55891
9149183c-7be9-454a-a215-ccd96eeb4c1d,3494,82,38695,64,35316,56639
b0f7e029-40b1-49c5-9c44-d7c6a161a2ca,3494,82,38983,64,35615,57023
61877d0b-dc27-4d0b-a222-525b0414aea4,3494,82,39319,64,35951,57471
fdad6a8b-8617-4086-9f3d-86671ea6a92c,3494,82,38103,64,34726,55847
f0215aa8-82d1-4ec2-bdcd-e47f749a01f7,3494,82,38199,64,34824,55975
f09438e3-2ec5-4cc5-a16d-120f4372f5d4,3494,82,40055,64,36681,58450
96910a8b-4146-4930-9bc9-be3e1e202616,3494,82,38167,64,34784,55935
b67203a6-9b05-41b0-9b7e-76fb59885438,3494,82,39127,64,35750,57214
d98eed66-471c-4671-91c5-4c8dcf48b381,3494,82,38423,64,35042,56275
b262a119-7f0e-4bf3-b7fe-617052f47575,3494,82,39639,64,36263,57894
5dbe252a-e2fb-4351-9728-ea94425fada6,3494,82,38295,64,34925,56103
3bef1afd-b55e-451f-ad89-b1b32110166e,3494,82,40551,64,37183,59111
7da79639-1e89-444a-b3ef-c8997c164657,3494,82,36999,64,33620,54375
36ea39d1-ff71-4d00-a86b-43c179e939f6,3494,82,37623,64,34247,55207
6a2a70ea-cec6-4a69-ab6f-3d9e20aefca0,3494,82,39895,64,36513,58239
c32c0ffa-4e51-4483-a917-9015c09287eb,3494,82,38023,64,34653,55743
edb44de2-92f2-4677-b781-41e4a8e6adef,3494,82,38471,64,35098,56339
be179e7f-b7f3-4efc-8d38-03e278aaaf1f,3494,82,39223,64,35853,57343
bcbb8fa8-47d4-4d3b-aff0-6f53afad8fb0,3494,82,39559,64,36180,57791
70b1d6d1-7de1-4695-99e3-b87ac726621b,3494,82,39639,64,36264,57895
9fccdb14-fd03-4c7b-8c4c-8c6f83d3ce6b,3494,82,37959,64,34590,55655
bf0bcd6e-ded4-465c-9f53-188878b92fd8,3494,82,38343,64,34968,56167
5613710e-5cc8-4556-bec6-1701def1c0f6,3494,82,37751,64,34381,55379
c41e2f3d-13a1-422d-b02c-984fd5239274,3494,82,38519,64,35139,56403
8b703f3c-29c9-467e-a432-4c9af170e8be,3494,82,38295,64,34916,56103
0bb39061-3058-48e6-9a50-2859ef196463,3494,82,37623,64,34246,55207
4e39949f-f170-4837-b647-218dfdc56904,3494,82,38535,64,35161,56423
4daea09f-0c03-4437-8fe6-8eb9a7b4c251,3494,82,38695,64,35312,56639
00053cc2-8bd0-4355-9d69-9018a7a4999a,3494,82,38487,64,35108,56359
c1d2c3e2-8b13-444d-b226-20161bb4d22a,3494,82,39447,64,36070,57639
4dc50acf-b2e4-4013-92d8-33dcebd5ec80,3494,82,39079,64,35698,57151
9f07cd2c-74fe-4691-b43e-6243a9afb67f,3494,82,38679,64,35304,56615
79bf1264-be05-4822-bd67-d733b1a4addf,3494,82,39319,64,35938,57471
ff327350-6086-4eb5-8cf4-93b9058898bb,3494,82,38807,64,35432,56787
0bf672ba-b685-4b47-9f72-1b6599cbedee,3494,82,39127,64,35756,57215
036af149-4809-46f6-b52c-b134f5a23270,3494,82,39271,64,35902,57407
44d724ad-34ec-4beb-8943-d0afbc814013,3494,82,38711,64,35338,56659
579c01b5-4416-454c-9a86-e34df829baf3,3494,82,39543,64,36169,57767
9e89552a-8e57-477d-a247-f79b5f71ce29,3494,82,38663,64,35282,56594
b771522a-23c6-46b5-b6ff-c8f4e52fd556,3494,82,39079,64,35707,57151
64acd89a-3ac8-4304-a287-d51f2d940a59,3494,82,38727,64,35353,56679
60966621-5078-4205-a32c-e866a896994a,3494,82,38951,64,35570,56979
e9f2aa34-e56b-4ac5-b1c3-53094827027a,3494,82,38775,64,35401,56743
232cfca1-10f2-471b-b7b3-8f0cd8629ac7,3494,82,38839,64,35468,56830
f19228a6-59f5-4915-a8f7-950747df3912,3494,82,38487,64,35113,56359
e4d4a21c-061b-4c0f-872e-b6b90bae45d6,3494,82,39543,64,36170,57767
cb4e2b61-a850-4f48-951e-3cf8a59f9a54,3494,82,37799,64,34418,55443
cdf34154-20d0-4d15-b99f-c419e0d1c837,3494,82,38983,64,35609,57023
5fc73469-01bd-4c70-8380-edbda8bb8e9b,3494,82,38647,64,35266,56575
e9136e3c-2041-4ac9-adab-8e5c547a3612,3494,82,39639,64,36266,57895
3221d6e7-bccd-419e-b001-489327ae42f3,3494,82,38487,64,35115,56358
e423cc25-05b3-418e-8eb0-843703853e49,3494,82,40103,64,36732,58515
774a3f59-7d4d-4347-9fc2-be72a7a75ab2,3494,82,39255,64,35876,57383
e2ce7d5d-86e6-4b56-9d7a-6e042da4b4b9,3494,82,39047,64,35674,57107
5e699cfa-c7c3-47a0-8dad-e6e6dff28ba1,3494,82,37703,64,34327,55315
9f1cbdb3-e09b-4636-929a-ec522982b75a,3494,82,39095,64,35721,57171
0aeeb60e-9930-419f-a09a-6e2322db34a2,3494,82,38823,64,35445,56807
dbd608be-ab5d-4ded-aea4-62c20e86b236,3494,82,36759,64,33380,54055
43069bd3-5cdd-4899-9d83-778335903a6f,3494,82,37911,64,34533,55591
2c8c684a-80c9-456d-a418-7c262d0e5a16,3494,82,38615,64,35237,56531
414f0c3c-b6f0-4f69-a313-4e9262c3d69b,3494,82,38791,64,35416,56767
282ccde4-523f-43bc-917f-25ef07cead1e,3494,82,37927,64,34545,55615
7cfcd147-c2a2-4ef2-b399-d96b05cb17ea,3494,82,38567,64,35187,56467
746dfe40-c791-459f-b11f-ea0061f833d9,3494,82,38167,64,34786,55935
af858746-c4bd-4ec2-a963-254626438349,3494,82,38935,64,35567,56959
aa15c346-efdc-4005-b5ee-570d5fbcde35,3494,82,39303,64,35931,57447
8a981311-6d08-4ba7-9358-527a6833a925,3494,82,38791,64,35414,56767
e3c5e377-b2e2-4b93-b4a9-f1fba104fa53,3494,82,38279,64,34904,56083
d425e809-50b1-4285-9401-7cda4ce7d5a8,3494,82,39415,64,36047,57598
0d8cd713-3045-44cb-8a62-952cbefb401d,3494,82,38903,64,35527,56915
922b68bc-8eda-43b9-85b7-7091533d4618,3494,82,38167,64,34794,55935
d459eb29-31da-4f7c-96f0-53387b00b36a,3494,82,38695,64,35320,56639
04cd485f-e572-45c9-b55c-469a7c3b6549,3494,82,39207,64,35838,57319
53997d65-b1dd-449d-93bd-508a8781468d,3494,82,38487,64,35117,56358
67047cd8-cacd-422e-8b11-f5d82a1d5db3,3494,82,37911,64,34531,55591
47e5d415-3482-40de-8eeb-b4e94f8dc1d5,3494,82,38759,64,35387,56723
b32d7eea-1d4b-4043-bb17-6fd0757904c8,3494,82,39831,64,36450,58151
78d6fbcf-a815-47f6-8870-c4f002d7b538,3494,82,37959,64,34591,55654
7b89bf19-9407-461e-8f39-c73bd0d27803,3494,82,37895,64,34518,55571
c54d5bb5-d26b-43ef-8710-32af46275770,3494,82,38055,64,34678,55783
4d8118ff-dafa-4baf-a0fd-04e817b9f3cb,3494,82,39495,64,36118,57703
b456b279-b092-4445-9400-af1490134535,3494,82,38583,64,35212,56487
f3a5fc87-b24e-45ce-9c50-868f2f08bace,3494,82,39031,64,35663,57087
f08d3cf8-0755-4b71-95b1-4e31e010eb11,3494,82,37991,64,34614,55699
dda84a6d-9e2d-4628-9302-b68038e8c9e4,3494,82,37239,64,33867,54695
56220862-261d-45a8-af1d-3e4d11c938f5,3494,82,38903,64,35520,56915
c35157a7-1732-4203-9d39-e94954d638fd,3494,82,39111,64,35740,57191
e3aacfad-9d6e-4c31-b088-547be321958f,3494,82,39047,64,35671,57107
18f1efc3-f61b-4a15-be56-d16423ff275c,3494,82,39143,64,35768,57235
752a57b2-3405-423c-9e60-211dd51d8864,3494,82,39159,64,35789,57255
a3212ae2-10b2-4c89-9d7d-8374729a4f0b,3494,82,38391,64,35009,56231
cb26da12-c364-447b-860d-c78c503b706c,3494,82,39607,64,36224,57855
e0f8d34e-00e6-42b8-9de9-6b13fc8e47b1,3494,82,39415,64,36039,57599
b2ca3f2e-6ace-4663-94ae-68aa103a124e,3494,82,40135,64,36756,58559
f027f7c6-4909-4160-a430-421f08cfb535,3494,82,39751,64,36380,58047
340368aa-9f52-4dd2-a9af-3c338fc82ecf,3494,82,38855,64,35480,56851
561e607f-b839-43c6-b52d-4cf1c5c0c8d9,3494,82,38455,64,35075,56319
ce92da6b-b40f-4cec-a8c5-b750b34436e0,3494,82,39847,64,36475,58175
3f6ab1ea-fbaa-49f6-a9a8-66f57e83ad24,3494,82,40279,64,36910,58751
ed092c16-9b5d-4b30-a4e5-09f262b4ccbc,3494,82,39607,64,36231,57855
98909280-fef3-4a4b-af02-1860e37c3798,3494,82,38583,64,35208,56487
000a91e3-edd3-4d8c-91ba-a55a515c162d,3494,82,40055,64,36684,58451
fd57d7b4-c091-42aa-bf07-8eb524747447,3494,82,38967,64,35596,56999
58646124-5db2-4776-a886-ee318a9fc06c,3494,82,37223,64,33853,54674
5d4dd22f-645f-4918-9bc6-f5d0fec57a20,3494,82,37719,64,34341,55335
6adba47c-41f5-496f-ae38-ae925057cd6e,3494,82,38647,64,35267,56575
19afa50e-1452-45c1-999e-db086da1903f,3494,82,38855,64,35483,56851
b51456d1-62ff-4440-adf0-dea6a22a647a,3494,82,38903,64,35532,56915
ebde1538-0a6f-475e-9940-04cad0bc8302,3494,82,39207,64,35829,57318
8025824e-7455-4378-90e2-b1fa085704eb,3494,82,38967,64,35597,56999
f9ba5163-3c47-4564-8f90-bfd01a78d2a0,3494,82,38119,64,34742,55871
647cd8ab-45aa-4186-b3cf-1bea047055c7,3494,82,38583,64,35214,56487
a35d77b9-88ca-44d6-8782-b47503ede4c3,3494,82,39031,64,35659,57087
bd1423e4-a1e1-450e-920b-1c795ff83294,3494,82,39207,64,35826,57319
ddae5be0-9c53-443b-af6f-904f1e8eac15,3494,82,39015,64,35636,57063
719e0793-25b6-4405-a669-16499ff86d0d,3494,82,37959,64,34589,55655
1e932df0-4cde-4941-bacc-dd137d4100da,3494,82,39495,64,36115,57703
ff17e836-e61f-42b2-84e1-23ac6b000e17,3494,82,38199,64,34825,55975
01dc5802-8df1-44fd-a5b6-615d189dc160,3494,82,38951,64,35575,56979
5af480ec-2cf9-4704-b58f-0d86be6aac7c,3494,82,38375,64,35004,56211
4782fe8f-b040-4c6e-8d25-3ce8e1f03a94,3494,82,38919,64,35546,56935
93ab6410-59a9-4e73-abcc-f8a8d9f1db2f,3494,82,38023,64,34655,55743
b6a65c31-c6fa-42e2-8f35-5dd4efb7a0de,3494,82,38103,64,34726,55847
7cb71b32-94e0-40d9-90ba-1969585d8d0a,3494,82,38887,64,35512,56895
6c984e30-db32-4c92-a00a-1a87ef4808f4,3494,82,38279,64,34904,56083
db108fde-6b54-49fa-9b84-19447975dac7,3494,82,39527,64,36152,57747
b50bed04-14da-4e13-ae55-ae90f2c6517d,3494,82,39223,64,35841,57343
57d5289b-d337-4fd1-a22b-e03efeec487e,3494,82,39543,64,36166,57767
7540654c-42f4-4775-8f50-52173786547d,3494,82,38279,64,34907,56083
e574021b-f156-42b2-bdd2-6acba23f6686,3494,82,38903,64,35530,56915
586b65cd-a704-40b6-9bbc-ab29d6e8135c,3494,82,38295,64,34925,56103
220668b8-c51e-4160-9e4e-3c40ec9df5b6,3494,82,38919,64,35540,56935
9d43d91c-aab3-4273-a96f-7c25732d7af1,3494,82,37927,64,34557,55615
943a40dd-ee8f-484c-9401-7fa16ecca94a,3494,82,39735,64,36353,58023
810a4955-a410-4664-93d9-3d107de62608,3494,82,39047,64,35678,57107
6c1a15b1-0b1d-46c4-ba1f-01bc34a77fb6,3494,82,38471,64,35088,56339
44cca0e3-a391-43a7-88e3-808a2831fb24,3494,82,39639,64,36265,57895
121a4d04-8bb7-4c5c-9ced-b7aa6e06e955,3494,82,38471,64,35089,56339
8c1a9d70-3c1c-4396-b24f-779787218fb2,3494,82,38855,64,35483,56851
f375a09d-a9a8-44a8-b231-3a12e032b080,3494,82,38599,64,35230,56511
897fabd3-ca18-488d-9058-f451cd4da2e4,3494,82,38583,64,35210,56487
4be6b450-dad8-437c-aab1-12bee515b9e5,3494,82,39479,64,36097,57683
67c2c7fe-4b8d-44b9-b5b8-7350d2ad824b,3494,82,38727,64,35354,56679
1ea3ec6b-e04e-4991-8e31-3353df104af0,3494,82,40487,64,37112,59027
e8ca4403-12f9-45f2-b58c-77d01cc747f5,3494,82,38007,64,34639,55719
b786f82e-6d31-4a45-a751-11960a362998,3494,82,39463,64,36095,57663
5f951775-d7f2-4204-84a8-c1ddb4572dff,3494,82,38631,64,35260,56551
7bc9a865-14fa-4f06-aa60-eaea5703ee75,3494,82,39015,64,35642,57063
7a1af8a7-6d68-4ab7-a4e5-bbd32ce3e93f,3494,82,39207,64,35827,57319
df10ba7b-23fa-4d54-898e-758c047df9b3,3494,82,39575,64,36195,57811
9394a063-3ee4-4305-85c8-e072c69487ea,3494,82,39735,64,36355,58023
7e18675d-ec6d-4d10-ac97-e368f1111b12,3494,82,39095,64,35718,57171
28d033a2-ac32-4eb8-a343-6290a76b20a5,3494,82,38599,64,35218,56511
8315670c-ebff-4379-8f21-4706d5b9d662,3494,82,38679,64,35304,56615
99da2de9-e85e-4df7-82e3-e41edd5dfa6b,3494,82,38215,64,34832,55999
1d27bcbf-bfd2-418d-8f5e-18fa4776b02f,3494,82,39831,64,36453,58151
649aa642-1576-4935-a768-eae33ff3ce77,3494,82,39015,64,35642,57062
ce203f8d-35a7-487c-99b5-695a0086c728,3494,82,38919,64,35545,56935
be53a35c-9ebe-4533-b014-e4b31d892d28,3494,82,37815,64,34438,55463
cdd0cf71-bb86-4a79-9de6-8c9045df9d6d,3494,82,38887,64,35512,56895
14eafe8d-a1ee-4f92-974d-a8c1fd6615fb,3494,82,38135,64,34761,55891
5144f2b3-7213-4214-b5ce-bcb1123cd5d6,3494,82,38487,64,35116,56359
fbaee82c-4391-4e2e-b8ad-db129c178936,3494,82,37863,64,34485,55527
4e1dfe79-a95e-4405-8d72-e9b1dd2b7b7c,3494,82,39111,64,35729,57191
963efe8b-84fe-4b06-b626-1eaed0d859a7,3494,82,40007,64,36630,58386
4cdf2c1c-ee8c-4b6e-b96a-c6d68e15c5a1,3494,82,38791,64,35419,56767
df2dc49c-353d-48e0-a583-a1f026f05d7c,3494,82,38631,64,35250,56551
131c48c7-dd67-4590-a8e4-d574531aec07,3494,82,38327,64,34958,56147
d614d2a6-d072-431e-9da8-b0d953cf171b,3494,82,39303,64,35931,57447
ad5d0861-7155-41fd-8343-935fff053c99,3494,82,39031,64,35658,57087
2ebc3688-df83-46f4-b738-eb2d180df1a3,3494,82,39735,64,36353,58022
1635773a-0d62-4e66-a122-4bcf25ff6b8e,3494,82,38567,64,35199,56467
ec2b0bd5-2eac-45f2-b383-ae07997128da,3494,82,39559,64,36185,57791
7695c97b-a232-4dd4-9b2e-3d4e9cae1dc1,3494,82,39207,64,35834,57319
43b6f601-933a-4b6d-9bb6-a2c13783ca34,3494,82,37959,64,34581,55655
67e42580-afc5-490c-9e81-f234181ddfd9,3494,82,39431,64,36056,57619
60012235-1b79-4c58-a6f4-4d430323ae15,3494,82,38631,64,35254,56551
6515a28d-6c56-440b-ac95-c91acc52f145,3494,82,38471,64,35092,56338
392a7222-d4f0-47b6-82a1-21879796627f,3494,82,38535,64,35165,56423
35f0c082-c359-40f3-a417-2ba1f0f753ee,3494,82,39607,64,36234,57855
68e7dc3d-646f-4888-b96f-4825bbd1f7be,3494,82,38151,64,34778,55911
a562b0ea-af54-4310-8249-3249de59ebbe,3494,82,39607,64,36231,57855
c0f63c72-bba6-4bcf-85c4-300d9ba9f250,3494,82,39095,64,35714,57171
f2d34295-1ca4-4bff-a8f2-6438b17fd747,3494,82,38663,64,35286,56595
fc2d412e-f654-42ca-b422-ed97cb27403c,3494,82,38327,64,34951,56147
c73c281d-f869-4b3d-ba4a-3ab65b16a59d,3494,82,38743,64,35360,56703
a823f573-ba4f-4666-a595-696d00197528,3494,82,38903,64,35523,56915
4a4ec638-5316-4259-ab50-73046c00efc4,3494,82,38231,64,34856,56019
cbd31c7b-1b5a-4fc1-91a9-c01eb7461ffc,3494,82,37895,64,34517,55571
33d1634e-ae2e-4e63-a2e4-a2f35a3b2e28,3494,82,38647,64,35265,56575
68e01302-2210-4679-be16-5cf18b17baf9,3494,82,38839,64,35458,56831
34f7f0b8-6e04-47fc-9fb5-5de97a99e33d,3494,82,38903,64,35526,56915
9fc9c161-0bb9-4ecb-8942-8d8ea80f1e4d,3494,82,38823,64,35448,56807
0c75d758-e9b6-4efe-a13e-e1d14e716c6d,3494,82,38871,64,35502,56871
eb8272cd-af3d-4204-a602-3da31ebefa4d,3494,82,39207,64,35832,57319
e981c196-d2c3-4412-b8ad-8d5986109187,3494,82,38295,64,34922,56103
3cee21d4-3cf8-493a-b350-492ca15ffa3e,3494,82,37847,64,34468,55507
8e01e1a6-b42c-4a3f-85e7-33a53ce78a66,3494,82,38839,64,35471,56831
87975b73-c072-4497-9a1c-6af70780e529,3494,82,38759,64,35379,56723
c3133a03-c890-482e-a9fd-6fcf8ef8fca6,3494,82,38999,64,35617,57043
80a65608-24d7-4558-acf5-11cb96418aa4,3494,82,40183,64,36801,58623
8913a0b6-c4c3-4be0-81a2-ad9b8e9da82c,3494,82,39335,64,35964,57491
ac72ef0b-f168-444c-9ce6-3b359803c415,3494,82,39623,64,36248,57874
5dcaa4a1-fe91-43af-839b-467f94720cc1,3494,82,39079,64,35706,57151
1cc6eccb-89e7-4307-8909-0a295998128a,3494,82,38039,64,34666,55763
36f4eada-5091-46f5-aafd-b6eac8ba3274,3494,82,37959,64,34589,55655
2d733753-a90c-416a-bd95-6a149e694829,3494,82,37943,64,34560,55634
d48bf418-0493-4a31-bd48-eb0a80736180,3494,82,37911,64,34529,55591
fa367d67-5766-477b-ad9a-d12e2b5c6260,3494,82,38887,64,35507,56895
f404db06-007f-44da-ac40-0fb7a669cd01,3494,82,37767,64,34395,55399
0941ea40-679d-4736-85f7-523a6e2ff415,3494,82,38487,64,35108,56359
d2186996-0bd7-4099-aca6-956ce9d05324,3494,82,39303,64,35926,57447
aca296e1-499d-435c-9697-180831eafb3a,3494,82,39431,64,36058,57618
c568cbeb-9c27-4291-847e-b941e8c284a9,3494,82,38119,64,34746,55870
6d190b2e-3152-4bda-9c5a-cac24982e8c0,3494,82,38263,64,34881,56063
2d3f78c0-1339-40ce-bb2c-c6de515b9405,3494,82,38759,64,35376,56723
b9342e31-ddf3-47a2-ab48-5981ddc4b93f,3494,82,38663,64,35289,56595
c3863110-30fe-413d-83aa-36e52b12425d,3494,82,37591,64,34213,55167
e7b114ca-9f31-44f0-af66-fb8b1b27faee,3494,82,39863,64,36494,58195
be5b6494-8c97-4664-baf2-63151c13f41f,3494,82,39095,64,35713,57171
3d503a0f-a5d0-4e19-863b-baa84202263e,3494,82,38487,64,35109,56359
c7b48956-8403-4746-8581-7dbbc0aaffbf,3494,82,38679,64,35304,56615
748d360a-9414-4ecf-98aa-4b5dc88216ff,3494,82,39271,64,35899,57407
781a4bec-934a-469e-8b41-98ae79d313e7,3494,82,39303,64,35930,57446
6aee2247-2a32-48a2-89af-2bc55092dbaf,3494,82,38983,64,35608,57022
4488898d-6501-48f8-83f7-1da9725336be,3494,82,39015,64,35633,57063
9897c31d-9b1c-46c0-a72b-e345fcb80c2e,3494,82,39031,64,35652,57087
f6ecb850-754e-4071-a25d-dda3519f52a8,3494,82,38535,64,35160,56423
57e70090-38e4-4ac4-9be7-95432e7c16bc,3494,82,38343,64,34961,56167
200970ee-5b4a-49ef-8351-bfc7037debcb,3494,82,38887,64,35507,56895
12e794fc-fb5d-43df-93ef-3e5c4ef0c24f,3494,82,38423,64,35040,56275
4b8b2def-cfb8-47a7-931e-b3c1a953efc5,3494,82,38183,64,34815,55954
dd826808-2040-4d75-89b7-1762e095a933,3494,82,38359,64,34986,56191
f51e9961-4ee2-4d44-bf5d-708f13b3c27d,3494,82,38983,64,35604,57023
5b602ecc-b65d-4006-a8e9-ea4126472865,3494,82,38583,64,35215,56486
cb281c12-a8cf-4e02-a18a-c54025f564d7,3494,82,37831,64,34460,55487
a4bbe5d9-e636-4883-8327-f5df13ae7a5b,3494,82,37367,64,33991,54867
a5530b75-a7e9-43ac-84c3-188446deaba4,3494,82,39255,64,35877,57382
d850f741-d098-4c1a-9117-39b406075932,3494,82,38087,64,34716,55827
08c561a8-a321-40cb-889c-e8b362a3e43a,3494,82,38775,64,35397,56743
109ecdd5-196b-4da8-bc02-c13d4e76c296,3494,82,38199,64,34831,55975
43a499be-2fbb-40dd-a05f-6d7e1294f61d,3494,82,37767,64,34399,55399
ac790364-ee14-4d4f-986b-183531fd7035,3494,81,39239,64,35863,57359
a3386952-af0e-4db3-8738-29322b9fd68b,3494,82,39143,64,35769,57234
97e13d0a-c174-4431-bad7-ebd2600eb4ce,3494,82,37575,64,34205,55143
f2760b32-2bd7-4d38-bba1-ff7ec9505b8c,3494,82,38327,64,34959,56147
9fc69a77-6cd8-4607-bfd9-1e828a465529,3494,82,38231,64,34855,56018
5031357e-6dfe-4715-8bab-cde9b56c1810,3494,82,38855,64,35480,56851
34291dc8-7aa3-4fc6-ae95-f55ef70dbaa5,3494,82,38183,64,34800,55955
e88a868c-e268-4cea-9a5d-9229b31ff4c0,3494,82,40215,64,36840,58663
c260663c-4a4a-4aaa-878d-f2b158e3d08d,3494,82,37927,64,34546,55613
01e9ba0c-b050-403e-9e08-a7e3b5929f31,3494,82,38279,64,34898,56083
379a3c50-3573-4c4f-bcd5-3d5a9bd03665,3494,82,39207,64,35839,57319
82a24a3f-d98a-4e5c-81e3-efe98d2f78fd,3494,82,38311,64,34940,56126
657fc695-af53-47f4-9a4e-97c0ceb11506,3494,82,40055,64,36683,58451
626a1950-8c1a-43de-bccc-9ecc358b1b59,3494,82,39175,64,35805,57279
b0e38a7a-ca1d-4470-a559-53ffec3ec9b4,3494,82,37271,64,33888,54739
070132f0-6a9d-468b-9efd-2eec5e38eb67,3494,82,37991,64,34616,55699
8472a39d-3deb-4825-9db8-1d285b0bf3d6,3494,82,38263,64,34894,56063
382be937-c5b2-411c-a090-1765625858e3,3494,82,39143,64,35768,57234
fce9e989-1964-4813-8ee1-81fe43158a20,3494,82,38071,64,34691,55807
608076c4-dfb7-4d2c-905d-6820ba707b12,3494,82,37991,64,34613,55698
442fefc8-1b0b-44a5-b0e5-630cfd848376,3494,82,38663,64,35293,56595
77cf176f-e500-4302-9975-291c5e7ac07d,3494,82,38999,64,35627,57042
57417a2a-6352-4896-bb18-30de942d182a,3494,82,37575,64,34198,55143
6f190377-358c-4a0a-9ea8-824d1872e790,3494,82,38775,64,35403,56743
5c6f792e-d449-4f57-a250-c0b58f3a521f,3494,82,40023,64,36643,58407
b71c2b21-8937-41c1-9c7b-154f5651f62b,3494,82,38199,64,34816,55975
cda3693e-6b39-45e5-8a1d-602a87a04e23,3494,82,37863,64,34487,55527
bd5e2ab8-52ad-474a-ac6f-c4297e454c10,3494,82,39159,64,35781,57255
6b7f8a19-06cd-4ab5-b952-8a7d132826d2,3494,82,38247,64,34864,56039
181cd670-9977-4ff2-9ec1-182bbd5b87d7,3494,82,39991,64,36617,58366
e24efe7f-fc84-4901-a151-7ba6bd505af5,3494,82,38359,64,34977,56190
1b9d4b15-4f86-4a92-8427-2fe815658ae0,3494,82,37559,64,34179,55123
8ac6584a-2610-40f7-a1ed-8f931dd3ae15,3494,82,39063,64,35692,57127
4ee9b23d-57ea-426a-93e2-6e753913d1f1,3494,82,37991,64,34618,55699
e7b27cce-4b6e-48a5-9233-cb096fbbd2c0,3494,82,38567,64,35190,56467
bf9a157d-015d-4b76-9f93-eb82452aac5b,3494,82,39159,64,35787,57255
960a0426-6ddd-4ad4-a911-fef76cf3a583,3494,82,38999,64,35631,57042
81b8e0bb-79c2-4488-8b16-32029c52a92b,3494,82,38279,64,34905,56083
4a455a96-3765-411a-af6c-8b2b44650794,3494,82,38983,64,35605,57023
6a6d4036-a004-439e-b889-8cabf92dfa2f,3494,82,37991,64,34620,55699
fa074e07-cb67-43ac-a186-3e3fedc25c37,3494,82,38295,64,34927,56102
eb98657b-4d94-4ecf-9def-dc423583fd2d,3494,82,39543,64,36174,57767
f28a1105-ab99-42e9-97e8-a55ef38a2938,3494,82,38103,64,34725,55847
8573a05f-c5b4-467b-8956-ec6f4afe13fe,3494,82,39607,64,36238,57855
25a9df65-1da8-42ad-a8ab-93aa6eb4c323,3494,82,37927,64,34557,55615
b992bfc1-36b1-4315-9aef-a6bfda3885f3,3494,82,38519,64,35145,56402
686ff5f1-c542-46c8-b4e7-dbfd7badd204,3494,82,38615,64,35232,56531
40babf7f-d3d6-44a9-a259-8f30964c7251,3494,82,38215,64,34839,55999
51ba3a11-4a76-43c7-ae5d-072ffcb69caa,3494,82,38791,64,35413,56767
aa331ee9-4db2-4ea4-8708-cab5a053eef4,3494,82,38647,64,35265,56575
c1466fdc-313a-4bfe-822e-812da7b57dce,3494,82,37975,64,34599,55679
29f4fa65-c0b3-4425-8132-f11510cd8529,3494,82,38055,64,34672,55782
431fe28f-8bec-4f0a-bac7-920fdd067c40,3494,82,39175,64,35804,57279
abdd661f-8790-4985-9e0d-72653537d90b,3494,82,39255,64,35875,57383
9d8ee7ff-5055-4dea-bc30-edca1b87f9f7,3494,82,38647,64,35275,56575
a73ca820-288d-470d-ad76-2cc689152617,3494,82,39095,64,35725,57171
8911652b-1a24-41c2-80e1-196a0141f46a,3494,82,39063,64,35685,57127
6e513287-7f7f-4ade-a1d9-e729299a9aec,3494,82,38455,64,35083,56319
c60660e4-d83b-457c-a67e-789efb6990e7,3494,82,38567,64,35190,56467
56d97426-94c5-462e-9004-679e2ab8731a,3494,82,38615,64,35233,56531
cc1b1fa8-be24-4595-a5ab-6962ca98e3e2,3494,82,38455,64,35081,56319
944baa4d-35dc-466d-bfef-ef7316091431,3494,82,39751,64,36382,58047
039936b4-042a-4807-bb35-5d1ef5d520a7,3494,82,38023,64,34646,55742
8e887483-c0f3-4b75-b1bb-06a03fa1c4b2,3494,82,39031,64,35655,57086
8bb34585-be26-4859-a67a-11053b7c8831,3494,82,39255,64,35875,57382
989a75b3-f251-4858-9469-f99bdb9cc831,3494,82,38887,64,35506,56895
926a2b36-468c-426f-a77d-9f0b853fbc66,3494,82,38535,64,35157,56423
4cb18150-6f52-4a0f-b358-adc6342d5552,3494,82,39223,64,35848,57343
01db046c-88f5-4945-ac5e-e20afb625190,3494,82,37943,64,34561,55635
e3d33257-3fbd-4142-89cf-7cc12fc68069,3494,82,38103,64,34734,55847
15d01f66-3ff1-43f6-b9d5-1ad51c218f5c,3494,82,38439,64,35067,56295
a12fa11e-b065-4e8b-9155-85e77bcb82b1,3494,82,39255,64,35876,57383
23e1748c-39ec-49b0-af0d-d75973db1823,3494,82,38503,64,35126,56383
f22a38e3-3d1f-4cec-8065-17e37ca1c8f7,3494,82,38551,64,35175,56447
7c4a412d-e2ef-4730-83a9-eaef78223ea1,3494,82,39495,64,36120,57703
0d025d7a-f161-4cf6-8193-c9a407dd58d3,3494,82,37703,64,34334,55315
d1840a81-120e-4faf-b169-fc682e2bf132,3494,82,39143,64,35762,57235
3afb2251-5594-4514-bf71-a97b145681ec,3494,82,38407,64,35031,56254
92a6a20a-ce3c-4ff5-bc62-5d9d51bd79b4,3494,82,38679,64,35301,56615
6f0bbcbb-232d-48cb-88c3-f465cff2fc13,3494,82,39079,64,35708,57150
7531b05b-c9b9-4f98-bf2a-a01d2aa3cfc8,3494,82,38471,64,35097,56339
92dafba8-fb92-4c34-947e-548cb62bd36f,3494,82,37831,64,34462,55487
db495e28-621b-45fe-9b3c-2cf73f3201ef,3494,82,38231,64,34851,56019
089da9b9-2690-49fc-960c-0b3de87515ca,3494,82,38455,64,35074,56319
dcefc4dd-c210-47dc-87b5-cde973d2e6c0,3494,82,39319,64,35944,57471
cb418f96-d93a-40b9-8462-84cc62e006e8,3494,82,38231,64,34854,56019
88c40243-a294-4618-8661-18ae365a8dda,3494,82,37735,64,34353,55359
cb81d867-3d8a-4c1a-af0c-cf3de6a677bd,3494,82,39463,64,36083,57663
cf4c2b12-a929-4ee1-9345-5652b1dbdaae,3494,82,38359,64,34982,56191
5ab984f8-48a3-4968-abf8-1e2384b3a42b,3494,82,38775,64,35407,56743
3d21816f-8158-4f2a-a48f-01177a5f507f,3494,82,38423,64,35049,56275
b42f2b41-0dc2-41c8-9389-fdb2684646a6,3494,82,38663,64,35288,56595
6e1d3407-c5c7-48c9-9651-5189a81c75b2,3494,82,38967,64,35594,56999
cd66a188-579c-49db-9586-6229b34d0f9c,3494,82,38359,64,34985,56191
65b728d9-7036-4d0f-a217-ef02b322e3d3,3494,82,38759,64,35389,56723
c9d125ca-180d-405b-b649-b73541aa12fd,3494,82,37783,64,34410,55423
b3e7f2d5-8564-416e-bc14-5e5b3d7657be,3494,82,38295,64,34919,56103
577b59b3-48bc-4081-a481-39ac52594915,3494,82,38663,64,35294,56595
3a1308a9-aab6-4330-9e16-1eea6a4cb4aa,3494,82,37687,64,34309,55295
face9187-e77a-4528-aa0b-fbeb77609bb5,3494,82,39351,64,35973,57511
89071534-1eb9-4e05-ba39-09763fb1b240,3494,82,38823,64,35446,56807
759013b7-9e06-4fd9-9332-ba51159ef942,3494,82,38679,64,35306,56615
9368cf5a-c41f-48d5-8a04-989ba7adbb63,3494,82,37543,64,34163,55103
de447ce7-9e39-4f6e-9e30-eabf3d12106a,3494,82,38775,64,35395,56743
d992853b-25fe-48a7-81e9-a014cc728fa2,3494,82,39543,64,36162,57767
05f4b51a-7a78-4772-8d54-60b4e899a975,3494,82,38983,64,35606,57023
555b5e04-ecad-4ac9-9ea0-7a72eb810775,3494,82,38455,64,35084,56319
e00be441-0852-4c24-a4fd-38562c436ebc,3494,82,39239,64,35865,57363
e4e52c8f-aecb-4a30-9e87-ff715ade2355,3494,82,37991,64,34623,55699
d33efc88-ce39-402c-a0e6-111c8a76052a,3494,82,39527,64,36151,57747
83e133e0-6cc7-43c8-a311-9b8b069f1d65,3494,82,39223,64,35855,57342
3ffebbdd-7564-46f2-9738-0a75644ea5f8,3494,82,39895,64,36523,58239
cb9bd285-0dea-49a2-83fc-8a3dbbab3ebe,3494,82,37943,64,34575,55635
0384d671-c9a3-460c-b3a2-76b576627062,3494,82,39031,64,35663,57087
bd0053cb-7391-4ce9-b818-aad0be12e22f,3494,82,37111,64,33742,54527
ce6fec06-7708-4580-95d7-6f6e334f765c,3494,82,38263,64,34884,56063
c0f5cbe4-76c9-4546-88d2-98867c7adcc0,3494,82,39879,64,36506,58214
8adb4b89-551f-4b05-b8a1-81112ad78cc9,3494,82,38375,64,35003,56211
0b96ebfa-74b0-4864-8956-16f7179bf030,3494,82,38855,64,35475,56851
db73fe66-7bb9-4d71-9a45-e2eb51617380,3494,82,39335,64,35958,57491
2bf4da10-8bb3-42d7-a118-11ebd3101a50,3494,82,39079,64,35704,57151
8a276c15-4486-4ba0-ab34-e28194a062ec,3494,82,38695,64,35324,56639
ab3ee976-f886-45ab-9671-49fafa942d34,3494,82,37543,64,34170,55103
79beb40c-6bcd-47c8-93dc-d26549dcb0c4,3494,82,39015,64,35643,57063
6979600a-8c1c-481d-afe7-c8962eace88b,3494,82,38615,64,35244,56530
1e6fe008-3d44-4fed-a545-bc17d691a35c,3494,82,39351,64,35974,57511
dc393c17-19dc-43be-ac33-ae95ee1e09f3,3494,82,39223,64,35842,57343
cc3beaf3-e11a-4247-8e76-bc6bc370f670,3494,82,39191,64,35810,57299
d480346c-2884-483b-add0-7a21f9c73541,3494,82,40551,64,37169,59111
794bfb04-d88e-48f7-9009-5093a5684288,3494,82,38007,64,34636,55719
5ad34e75-ca2d-49c9-aae0-49f1f03face8,3494,82,38583,64,35210,56487
22249b1a-f552-4655-b45a-27f4430feef8,3494,82,38087,64,34710,55827
fa80723d-b6ed-4dd1-9942-60168b7b6294,3494,82,39527,64,36159,57747
48d6b7ba-acc9-4dd7-912d-5e8008111f98,3494,82,38567,64,35195,56467
192286a4-eb34-43d3-beb2-ae113bde5e7d,3494,82,37847,64,34472,55507
a6d930a3-7356-4141-a172-344b8cb2bd9a,3494,82,38919,64,35546,56935
8fa5677e-e299-424f-845f-008f426d9931,3494,82,38839,64,35464,56831
6160e1e6-a4ad-48e8-8332-9a39c81491b9,3494,82,38167,64,34799,55935
3918c7c2-7db2-428b-8b9a-f55afa683cb8,3494,82,39831,64,36455,58151
2098f48d-e0ac-4010-b9a6-5a92d5609783,3494,82,39015,64,35632,57063
795c8670-2b32-4857-adc1-a95004177fd8,3494,82,38807,64,35424,56787
d9ff3781-6db9-44a0-9755-375d370ccce4,3494,82,38103,64,34732,55847
4b312746-8034-4301-9c19-b812ba135565,3494,82,38375,64,34993,56211
4ac8fd9c-b014-4d5a-b5c1-ba1dc144111f,3494,82,38151,64,34772,55911
7da67994-1914-43d6-bd2d-e849dc4ac0a7,3494,82,38663,64,35285,56595
b2603ee6-8a64-452b-962a-57365bc744ef,3494,82,38855,64,35480,56851
0e4ca6ff-4ded-4b19-811a-ac4911fa4852,3494,82,39127,64,35752,57215
700198d2-1678-41be-a505-1ae3340c58da,3494,82,38039,64,34669,55763
3853ccd8-1f66-4c2d-a4f4-b60a9c564b8a,3494,82,39735,64,36356,58023
fa1b6e9f-1138-4f9d-8e49-8288d804c902,3494,82,38727,64,35348,56679
fc9c2b81-c5c2-4272-8a76-7d70fb0880a3,3494,82,38615,64,35232,56531
c9b67263-782d-4972-8422-01f01a0d5cb0,3494,82,39831,64,36463,58151
01c22fcd-cb04-4a6f-9f62-26d1e91d2a16,3494,82,37543,64,34168,55103
069dea2a-d8b5-459f-a184-33d25dc96f32,3494,82,38215,64,34847,55999
fa283d61-19c8-4665-a43b-482ffc61f91c,3494,82,38023,64,34644,55743
9b6f50b1-26ac-4f09-be1a-c6398ea9d22f,3494,82,38471,64,35094,56338
e7660123-b91b-4afb-8f41-691679cad676,3494,82,39623,64,36250,57875
59f4c007-81aa-43a6-af01-b693d2ca14e2,3494,82,38343,64,34975,56167
22233bc6-1d44-4ef4-9f94-6ba010379e54,3494,82,38535,64,35157,56423
14cb8de7-6e4d-40fe-94e6-6d04867cbaa8,3494,82,37223,64,33842,54673
94500051-ed00-4731-99de-4d520521963d,3494,82,39111,64,35737,57191
1ef1b28b-115c-4a80-81c7-c5a5a7bef941,3494,82,36823,64,33440,54143
890901b1-b668-412a-9739-79c8d078ba6b,3494,82,39879,64,36498,58215
4560e429-712f-41f8-82ff-42f3fe0be96b,3494,82,39063,64,35691,57127
dda1cb58-d674-476d-a92d-82ec284cfda4,3494,82,37831,64,34458,55487
6d9024be-2585-420d-b507-c7a69b0487b7,3494,82,39143,64,35770,57235
48069ff5-9bc6-4c92-8022-3d2ec2c27116,3494,82,36983,64,33604,54355
a23b5ca8-b1ad-43e1-b61a-43f6fc570d40,3494,82,38215,64,34839,55999
f086fe8d-e6e9-4283-8888-d18a3bfdb58d,3494,82,38231,64,34860,56019
167f01d4-fd7f-46f3-8b9c-0749723a2937,3494,82,39767,64,36384,58067
c4dcf4c9-03ec-46cb-a415-ce909acf7e95,3494,82,38007,64,34631,55719
45e28cb5-d409-45c5-a7bc-52f53fcf1ac0,3494,82,38887,64,35517,56895
c9f27a7a-4117-4935-9e2d-e2cdaf41d5df,3494,82,37495,64,34115,55039
99fc0530-93d2-4bf8-a77d-005906028954,3494,82,39687,64,36304,57959
7ca64c91-b724-4172-8d07-50eab8634fd5,3494,82,37911,64,34535,55591
0091b81d-2ac3-431c-8d7c-19536a39c12a,3494,82,39111,64,35741,57191
5eb599fd-ebea-413f-8bab-79c0643b7374,3494,82,38887,64,35513,56895
7995e04d-08f3-441b-8820-51a3a6cd9397,3494,82,38663,64,35286,56595
d0debb75-82df-468d-978e-c53608afc0ff,3494,82,39559,64,36186,57791
28f8e7d5-0249-4226-91c9-eda80ddfcc46,3494,82,37943,64,34567,55635
58d48654-8787-4c0f-97bc-24626772ef86,3494,82,38135,64,34763,55891
d5bf9ba6-123f-491c-b4e2-c29ae97462e5,3494,82,38567,64,35186,56467
7ecfc6d9-0669-4c00-886c-e611e0df3dcc,3494,82,38135,64,34758,55891
ab106183-90a0-4174-a513-535047079ea7,3494,82,40327,64,36952,58815
5581d109-7c6c-4026-8b5e-07b760835429,3494,82,38647,64,35276,56575
f005c18a-de0b-44f8-8a63-ff34089915f6,3494,82,38263,64,34892,56063
74081087-65ce-4a62-9567-6383eb830153,3494,82,38535,64,35154,56423
fcb9f7ef-269f-40e3-9620-87da6e42ab69,3494,82,39543,64,36168,57767
e1ee6ad8-7ef4-4d39-951c-c348a8b4ebbe,3494,82,38631,64,35248,56551
227fc175-fc1c-4eed-a22a-ec634b72ef86,3494,82,38775,64,35400,56743
7fae3daa-3036-45a1-bc3b-14a8d385894c,3494,82,37863,64,34480,55527
37d45425-40f4-4dbc-8a80-1ce0ea0e24c4,3494,82,37927,64,34558,55615
2a8b38d0-2f1b-4b71-880e-465c37719bc4,3494,82,38311,64,34932,56127
f7a54a75-b7b1-4dd2-8363-57f633be8641,3494,82,38743,64,35369,56703
3af5f658-500b-4e47-8b29-f51b636877dd,3494,82,37991,64,34608,55699
52f92532-3d40-481c-9953-4eee527123cc,3494,82,37863,64,34485,55527
8903d07d-979a-44d4-bcd3-458b85be8e3a,3494,82,38775,64,35395,56743
b773556a-1dd8-4c35-9076-d15bd367770a,3494,82,38903,64,35528,56915
127fda33-69da-4cfd-979e-59c51ccd0a63,3494,82,40039,64,36668,58431
7b5fcbb9-63fc-4156-9c8c-53598da65316,3494,82,38855,64,35475,56851
69b6fa49-8402-45cd-9be1-47eb0696d9a9,3494,82,39799,64,36426,58111
44a7d878-01fe-4539-8038-5c024c94d5e3,3494,82,39479,64,36106,57683
316a2300-323b-4a56-a52b-7c6ea564f791,3494,82,38167,64,34793,55935
045e7876-37b0-4148-9ba4-b34ebe1c674d,3494,82,39479,64,36106,57683
ee039db3-b5de-4b3a-80ba-f39c05b4799d,3494,82,38055,64,34676,55783
d228ef98-44d2-4712-956d-3fd1154c626b,3494,82,37911,64,34531,55591
4509ac55-315c-46c4-b794-d02dfb8b2ad7,3494,82,38455,64,35080,56319
5cf3c10d-8f5e-4797-8a9e-038f4a8ca8c4,3494,82,38903,64,35535,56915
b01eb2af-e419-47e3-bb40-e53f6242d1bd,3494,82,39895,64,36519,58239
79c0ae29-6e6b-4fb0-93e6-da0d6cea4f7d,3494,82,38999,64,35630,57043
0441f465-b79e-4e0d-9586-e62e9adfb854,3494,82,38983,64,35604,57023
83ec39fb-3ea6-4b39-a124-9f3ab57cd63a,3494,82,38919,64,35539,56935
09541af1-6538-4fe9-a86c-e9e6f2d47194,3494,82,39271,64,35899,57407
8bbd676c-4b79-4590-9217-a18cb15b52c8,3494,82,37751,64,34378,55379
32f3af6a-f27c-43b6-840f-3a8019761918,3494,82,39063,64,35695,57127
2df91e0f-1feb-4d2e-9266-61d393f62624,3494,82,37943,64,34572,55634
f55802bd-08c8-42e1-ac40-4114886473cd,3494,82,39303,64,35929,57447
c7f9055c-1290-40e8-ac4e-11bbc7dae860,3494,82,39015,64,35644,57063
c5aedc89-b088-4db6-bfda-93929bcb6eb0,3494,82,38551,64,35176,56447
2ff98d5e-9ff7-4e9e-ae9f-9985ff8b5525,3494,81,37911,64,34530,55587
3fd2f118-df45-4335-afb6-13aa978688e7,3494,82,38023,64,34640,55743
41e89290-3068-4d2a-a405-6dc716b8a8a9,3494,82,37431,64,34060,54951
6a40a559-0b5a-4884-9b67-25ac45a5ad4c,3494,82,38695,64,35318,56637
5a545257-d714-4f91-a548-0b494c721905,3494,82,38791,64,35419,56767
de56b37c-25bc-4571-a1cc-dd5d584cc089,3494,82,38263,64,34892,56063
b9a1f27d-e06a-45ee-abe9-c0f3decf2103,3494,82,39527,64,36157,57747
4b9179f4-b034-4f3d-b697-0fe9fa4fd1a5,3494,82,38135,64,34753,55890
ec7b66c2-6e7b-458d-b260-2764480c804e,3494,82,39335,64,35961,57491
0e929b63-6752-493c-b634-493e7fc3a66b,3494,82,37927,64,34556,55615
91f43b80-656d-4af1-9c00-ec1a219f362c,3494,82,38519,64,35137,56403
2843bdf0-5a67-4719-b5fe-98ea25381d83,3494,82,38327,64,34954,56147
73da7ec4-7075-4c34-bf99-d6ab310634b8,3494,81,38855,64,35480,56847
5ad48ae6-5caf-46bb-b510-3bf6cc077201,3494,82,38919,64,35550,56935
